prd_company,num_movies,com_dom_bo,com_wrld_bo
Warner Bros.,240,18794567812,43565575875
Columbia Pictures,234,18125160061,40846061401
Universal Pictures,239,"$17,582,725,036","$42,395,375,983"
Walt Disney Pictures,126,"$15,746,091,331","$38,264,201,563"
Marvel Studios,61,"$12,978,459,542","$33,726,541,326"
Paramount Pictures,143,"$12,046,260,016","$28,562,774,128"
20th Century Fox,105,"$9,991,847,626","$25,080,590,608"
Relativity Media,116,"$7,262,861,915","$15,176,714,944"
DreamWorks Pictures,82,"$6,698,128,458","$13,353,758,516"
Legendary Pictures,60,"$6,310,074,576","$16,262,572,703"
Dune Entertainment,70,"$6,307,177,998","$16,498,964,652"
New Line Cinema,106,"$6,175,853,720","$14,124,239,821"
Disney-Pixar,24,"$6,013,201,814","$14,408,668,663"
Amblin Entertainment,63,"$5,955,058,398","$14,584,849,735"
Regency Enterprises,144,"$5,946,181,275","$12,940,317,968"
DreamWorks Animation,45,"$5,658,598,565","$15,207,820,818"
Lucasfilm,23,"$5,657,196,560","$11,627,844,246"
Village Roadshow Productions,77,"$5,635,843,271","$13,410,480,466"
Lionsgate,160,"$5,060,237,359","$9,731,795,306"
Metro-Goldwyn-Mayer Pictures,94,"$5,043,904,211","$12,168,318,327"
Touchstone Pictures,65,"$4,308,703,316","$8,280,684,053"
RatPac Entertainment,46,"$3,963,515,749","$10,006,907,270"
Walt Disney Animation Studios,23,"$3,760,542,473","$10,196,517,291"
Heyday Films,25,"$3,516,213,744","$11,024,384,106"
Summit Entertainment,71,"$3,360,966,881","$8,459,459,104"
Jerry Bruckheimer,21,"$3,100,355,178","$7,379,881,917"
Bad Robot,20,"$3,053,464,843","$7,137,287,554"
di Bonaventura Pictures,31,"$2,741,315,020","$7,607,033,196"
Fox 2000 Pictures,50,"$2,656,928,451","$5,740,837,222"
Illumination Entertainment,12,"$2,610,573,965","$6,720,546,862"
Imagine Entertainment,52,"$2,608,296,276","$5,306,355,476"
TSG Entertainment,44,"$2,512,954,785","$6,950,270,036"
Original Film,34,"$2,490,233,612","$7,259,811,012"
1492 Pictures,22,"$2,473,204,496","$6,163,030,266"
The Kennedy/Marshall Company,30,"$2,445,568,419","$5,831,950,961"
Working Title Films,95,"$2,428,184,266","$7,757,877,817"
Blumhouse,101,"$2,364,384,903","$4,479,478,035"
Happy Madison,35,"$2,338,633,161","$3,907,145,972"
Spyglass Entertainment,30,"$2,311,618,021","$4,392,491,384"
Perfect World Pictures,35,"$2,286,266,774","$5,976,885,742"
Twentieth Century Fox,42,"$2,201,798,396","$5,694,313,297"
Scott Rudin Productions,43,"$2,135,382,420","$3,737,293,531"
Temple Hill Entertainment,32,"$2,079,270,207","$5,039,635,391"
Skydance Productions,26,"$2,045,149,516","$5,912,612,916"
Wingnut Films,12,"$2,026,409,907","$6,308,739,568"
Silver Pictures,34,"$2,019,545,469","$4,464,395,953"
Syncopy,7,"$1,945,132,877","$4,783,164,222"
PDI,9,"$1,938,568,463","$4,842,419,002"
Tri-Star Pictures,48,"$1,926,572,052","$3,735,131,772"
New Regency,61,"$1,913,138,282","$4,449,958,780"
Eon Productions,25,"$1,907,784,162","$6,355,644,336"
Chernin Entertainment,23,"$1,893,920,161","$4,629,561,720"
Castle Rock Entertainment,52,"$1,863,515,133","$3,090,732,456"
Donnersâ€™ Company,15,"$1,797,626,246","$4,551,841,242"
Color Force,12,"$1,780,595,298","$3,471,298,525"
Revolution Studios,35,"$1,764,350,680","$3,128,746,630"
Hasbro Studios,14,"$1,755,071,351","$4,913,495,236"
Sony Pictures Animation,23,"$1,752,216,821","$4,878,307,872"
Screen Gems,51,"$1,728,355,172","$3,359,100,865"
Walden Media,34,"$1,726,270,472","$4,133,489,638"
Overbrook Entertainment,21,"$1,712,188,850","$3,843,172,158"
Fairview Entertainment,6,"$1,670,469,187","$4,048,363,213"
Atlas Entertainment,17,"$1,668,697,466","$4,473,519,540"
Chris Meledandri,7,"$1,642,848,674","$3,713,732,726"
Sunswept Entertainment,15,"$1,632,914,506","$3,926,522,745"
Scott Free Films,46,"$1,618,885,942","$4,149,223,476"
Participant Media,88,"$1,600,372,784","$3,193,365,351"
Mandeville Films,25,"$1,599,408,407","$3,213,497,058"
Ingenious Media,55,"$1,595,869,296","$4,411,211,872"
Zancuk Company,12,"$1,587,742,375","$3,834,857,681"
Davis Entertainment,41,"$1,554,093,343","$3,735,103,647"
Blue Sky Studios,15,"$1,544,310,788","$5,037,974,794"
Vertigo Entertainment,30,"$1,530,455,862","$2,991,790,269"
Ingenious Film Partners,16,"$1,509,413,779","$5,050,005,693"
LStar Capital,24,"$1,505,003,967","$3,697,999,660"
Brian Grazer Productions,18,"$1,483,055,356","$3,438,965,595"
Cruel and Unusual Films,6,"$1,449,982,257","$3,918,146,586"
Roth Films,11,"$1,419,041,127","$3,910,858,138"
Fox Searchlight Pictures,77,"$1,351,768,922","$3,130,485,255"
Kinberg Genre,10,"$1,309,850,196","$3,702,252,576"
Focus Features,63,"$1,288,181,845","$2,884,483,796"
Weinstein Company,41,"$1,270,411,701","$3,080,123,244"
Laura Ziskin Productions,5,"$1,255,649,324","$2,720,363,069"
Canal Plus,203,"$1,246,516,867","$4,577,060,143"
GK Films,17,"$1,239,325,149","$3,469,165,646"
Plan B Entertainment,31,"$1,236,011,273","$2,950,728,813"
Centropolis Entertainment,14,"$1,229,431,531","$3,609,383,037"
Malpaso Productions,17,"$1,205,270,883","$2,033,620,503"
One Race Films,11,"$1,141,774,168","$4,747,567,486"
The Safran Company,21,"$1,140,105,358","$3,405,508,317"
Gary Sanchez Productions,21,"$1,108,845,084","$1,673,245,658"
Alcon Entertainment,27,"$1,108,369,331","$1,971,505,743"
Cruise-Wagner,7,"$1,107,923,624","$3,031,872,684"
Judd Apatow,12,"$1,086,897,505","$1,466,591,714"
United Artists,24,"$1,075,236,299","$2,908,791,381"
Lakeshore Entertainment,40,"$1,072,009,577","$2,175,013,614"
Parkes+Macdonald Productions,17,"$1,070,293,747","$2,714,944,995"
Dentsu Inc.,15,"$1,062,434,079","$4,013,780,054"
Bad Hat Harry Productions,8,"$1,041,487,477","$2,735,381,962"
21 Laps Entertainment,29,"$1,037,686,605","$2,301,356,684"
Mosaic Media,16,"$1,014,350,243","$1,718,249,969"
Escape Artists,22,"$1,009,887,490","$1,954,606,972"
Platinum Dunes,16,"$1,008,125,530","$1,895,359,344"
ImageMovers,13,"$1,007,026,636","$1,954,852,025"
Millennium Films,47,"$1,004,847,388","$2,541,286,974"
Tencent Pictures,11,"$998,413,291","$2,928,358,030"
Blinding Edge Pictures,9,"$986,141,569","$2,180,968,377"
Marc Platt Productions,26,"$974,437,094","$2,173,520,575"
Lightstorm Entertainment,7,"$968,579,680","$3,241,940,864"
Tribeca Film,34,"$967,941,549","$2,433,254,553"
Matt Tolmach Productions,7,"$949,217,093","$2,646,752,284"
Thunder Road Film,24,"$948,759,982","$2,228,376,276"
Bluegrass Films,16,"$947,131,337","$2,111,838,570"
Pascal Pictures,11,"$944,268,258","$2,640,995,329"
Nickelodeon Films,18,"$928,527,878","$1,777,623,227"
Weed Road Pictures,16,"$906,715,071","$2,289,707,152"
20th Century Fox Animation,11,"$902,509,153","$2,649,597,016"
Gold Circle Films,38,"$897,525,993","$1,491,010,993"
MRC,7,"$897,461,999","$2,600,743,315"
Reliance Entertainment,28,"$881,190,791","$1,989,123,210"
Playtone,16,"$875,269,950","$2,080,480,497"
StudioCanal,109,"$871,833,790","$3,737,174,168"
Lin Pictures,5,"$867,646,434","$1,707,311,714"
Everyman Pictures,8,"$838,616,955","$1,444,592,839"
Annapurna Pictures,33,"$832,435,590","$1,361,127,508"
Imprint Entertainment,9,"$821,378,602","$1,827,559,077"
EuropaCorp,31,"$816,941,893","$2,384,179,311"
De Line Pictures,12,"$806,456,341","$1,713,385,180"
Hollywood Pictures,15,"$804,897,397","$1,666,392,590"
Green Hat Films,5,"$799,257,788","$1,728,995,694"
Jersey Films,21,"$782,151,943","$1,265,606,455"
Don Simpson,6,"$778,638,973","$1,438,856,298"
Seven Bucks Productions,10,"$770,872,787","$2,499,506,813"
MTV Films,18,"$768,710,310","$1,166,035,559"
Michael De Luca,15,"$768,277,345","$2,205,561,065"
Mandate Pictures,20,"$765,916,964","$1,203,285,029"
Jerry Bruckheimer Films,8,"$765,130,896","$2,059,041,531"
Bron Creative,17,"$761,793,827","$1,704,445,226"
Icon Productions,11,"$752,171,349","$1,306,901,318"
Mace Neufeld,9,"$748,460,578","$1,420,638,155"
Miramax Films,38,"$747,438,293","$1,602,076,334"
Appian Way,21,"$730,273,929","$1,896,756,370"
Big Screen Prods,11,"$726,109,547","$2,285,877,791"
Gil Netter Productions,10,"$713,631,673","$1,477,675,966"
Red Hour Productions,21,"$703,899,231","$1,191,352,215"
Benderspink Productions,14,"$685,402,199","$1,182,032,324"
Point Grey,12,"$683,613,796","$1,041,048,769"
Warner Animation Group,15,"$682,301,274","$1,354,499,072"
Alphaville,7,"$678,508,753","$1,685,520,591"
Dimension Films,25,"$676,013,253","$1,286,063,958"
Rideback,6,"$672,958,952","$1,711,622,208"
Will Packer Productions,16,"$664,565,659","$801,293,202"
Bagdasarian Company,4,"$655,935,962","$1,404,694,725"
Don Murphy,2,"$647,550,946","$1,940,573,771"
Tom DeSanto,2,"$647,550,946","$1,940,573,771"
NPV Entertainment,5,"$641,119,275","$1,530,143,484"
Tom Cruise Productions,5,"$639,730,779","$1,968,654,503"
Fuji Television Network,18,"$634,652,116","$1,941,497,752"
Mad Chance,12,"$632,323,793","$1,190,477,651"
BBC Films,151,"$630,155,438","$1,753,443,753"
DMG Entertainment,9,"$624,771,531","$1,754,301,084"
A Band Apart,9,"$607,790,772","$1,485,237,887"
Atomic Monster,16,"$602,441,306","$1,736,194,167"
Troublemaker Studios,11,"$600,283,124","$1,371,465,183"
Lawrence Gordon,9,"$596,369,735","$1,142,909,474"
Joint Effort,5,"$593,678,548","$1,593,594,646"
Red Wagon Entertainment,8,"$592,747,124","$1,213,097,997"
Cube Vision,8,"$590,237,799","$687,520,633"
Reliance BIG Entertainment,14,"$584,336,381","$1,168,625,825"
Media Rights Capital,13,"$580,236,863","$1,457,114,591"
Gracie Films,7,"$574,925,763","$1,145,275,610"
Team Todd,9,"$570,179,906","$991,325,568"
Closest to the Hole,11,"$567,778,053","$858,583,611"
Tyler Perry Studios,11,"$566,109,847","$594,121,779"
DC Films,3,"$564,086,102","$1,802,839,849"
Mutual Film Company,5,"$560,484,182","$1,192,779,027"
FilmNation Entertainment,54,"$554,658,056","$1,247,406,791"
Jerry Weintraub,6,"$549,401,626","$1,219,383,152"
Broken Road,12,"$548,166,999","$1,115,171,321"
Nu Image,18,"$535,583,036","$1,521,635,080"
Robert Simonds Company,7,"$533,966,250","$818,504,289"
Good Universe,15,"$532,850,614","$865,972,183"
Morgan Creek Productions,10,"$531,118,944","$938,175,174"
Di Novi Pictures,12,"$530,457,978","$830,125,497"
Entertainment One,58,"$526,798,834","$1,075,792,472"
Phoenix Pictures,17,"$526,092,393","$1,479,968,171"
Saturn Films,11,"$524,753,235","$1,177,010,808"
UK Film Council,71,"$524,112,124","$1,717,568,179"
Maverick Films,3,"$522,364,166","$1,137,610,548"
Cross Creek Pictures,22,"$521,931,372","$1,443,848,233"
Sony Pictures,21,"$517,049,935","$1,011,858,602"
Laurence Mark,7,"$510,849,614","$973,707,076"
MARV Films,14,"$508,975,133","$1,446,324,011"
The Mark Gordon Company,13,"$503,601,298","$1,428,223,025"
Montecito Picture Company,15,"$494,456,516","$900,314,516"
Rogue Pictures,17,"$489,302,777","$961,548,424"
Valhalla Motion Pictures,5,"$487,720,737","$1,093,526,058"
Newmarket Films,4,"$478,862,407","$795,497,576"
Image Nation Abu Dhabi,16,"$475,587,858","$909,473,247"
CBS Films,20,"$474,207,071","$820,511,042"
Image Nation,11,"$473,309,751","$1,380,111,234"
Lord Miller,4,"$472,245,852","$876,699,376"
Beacon Pictures,10,"$470,664,253","$866,434,673"
Smart Entertainment,4,"$467,780,755","$909,231,281"
Constantin Film,23,"$467,715,018","$1,820,998,105"
David Brown,4,"$465,896,331","$788,887,301"
3 Arts Entertainment,13,"$462,329,651","$884,645,415"
Wigram Productions,4,"$459,047,991","$1,251,494,357"
Wendy Fineman Productions,2,"$454,891,598","$1,005,923,792"
Dreamworks LLC,3,"$453,238,496","$924,463,558"
Stage 6 Films,26,"$452,431,060","$845,491,616"
Hemisphere Media Capital,3,"$452,398,349","$1,534,275,658"
Hartbeat Productions,12,"$451,155,968","$1,068,224,850"
M6 Films,13,"$444,035,404","$1,244,523,069"
Cine Plus,97,"$439,929,082","$1,660,943,149"
Leverage,12,"$438,052,286","$663,026,102"
Jon Peters,3,"$434,308,866","$844,086,176"
STX Entertainment,15,"$433,669,642","$727,330,888"
Mark Johnson,2,"$433,332,447","$1,137,880,860"
Animal Logic,9,"$428,191,278","$994,586,515"
Birnbaum/Barber,5,"$425,522,703","$916,754,397"
Anonymous Content,36,"$425,305,807","$1,087,134,808"
Open Road Films,21,"$422,062,115","$737,406,191"
Monkeypaw Pictures,5,"$420,992,438","$625,676,761"
Grive Productions,6,"$414,232,430","$894,192,917"
Tapestry Films,7,"$414,226,042","$571,169,500"
Wanda Pictures,1,"$412,563,408","$821,133,378"
Eddie Murphy Production,3,"$405,499,640","$724,280,938"
Waverly Films,5,"$403,485,573","$930,942,894"
Solana Films,6,"$401,360,355","$890,417,130"
Rainforest Films,5,"$400,393,818","$462,105,405"
2.0 Entertainment,4,"$393,034,174","$913,342,963"
Junction Entertainment,2,"$392,966,503","$788,649,214"
Tig Productions,4,"$387,510,797","$934,023,590"
Contrafilm,9,"$381,207,362","$897,101,065"
STX Films,13,"$379,538,664","$535,508,047"
Radar Pictures,19,"$378,549,701","$1,047,010,999"
87Eleven Inc.,6,"$374,798,711","$713,149,928"
Trigger Street Productions,8,"$374,332,570","$996,333,807"
Radiant Productions,3,"$374,137,787","$900,293,475"
Brownstone,7,"$371,996,159","$659,963,961"
Ghost House Pictures,7,"$371,562,061","$669,355,295"
Tim Burton,7,"$370,227,774","$1,092,194,480"
HBO Films,12,"$369,323,308","$872,509,908"
Pariah Productions,12,"$369,182,502","$772,511,520"
TF1 Film Productions,29,"$368,616,343","$1,784,359,327"
7 Bucks Productions,3,"$366,769,609","$957,003,027"
Tall Trees,5,"$365,632,413","$711,395,772"
Douglas Wick,3,"$365,096,320","$810,892,716"
Olive Bridge Entertainment,6,"$363,987,257","$760,204,377"
China Film Company,8,"$359,059,989","$2,751,706,519"
Seed Productions,3,"$358,821,837","$828,649,315"
KatzSmith Productions,2,"$358,037,277","$745,233,267"
K/O Paper Products,5,"$357,337,072","$987,733,286"
Initial Entertainment Group,7,"$353,069,902","$760,022,235"
John Calley,2,"$350,911,984","$1,258,696,305"
22nd & Indiana,1,"$350,126,372","$547,326,372"
Huayi Brothers Pictures Ltd,12,"$349,346,114","$763,686,433"
Affirm Films,12,"$349,118,026","$391,935,374"
IM Global,44,"$344,718,979","$725,224,708"
Apatow Productions,9,"$343,589,627","$455,078,285"
Kerner Entertainment Company,5,"$341,637,932","$1,253,861,140"
Lego Systems A/S,3,"$340,838,447","$623,528,255"
Wonderland Sound and Vision,12,"$339,697,891","$768,722,628"
Mad Ghost Productions,3,"$335,061,807","$1,146,894,640"
Reuben Cannon Productions,7,"$334,770,632","$336,321,378"
Aardman Animations,8,"$332,685,255","$1,070,488,359"
Cannell Studios,2,"$330,167,004","$534,146,305"
Steve Tisch Productions,1,"$330,151,138","$679,850,637"
Beaglepug,3,"$327,794,414","$884,080,177"
American Zoetrope,13,"$326,189,927","$688,814,236"
Bonnie Arnold,2,"$326,111,159","$791,589,066"
Jack Giarraputo,2,"$324,971,441","$418,832,929"
Maximum Effect,1,"$324,591,735","$786,680,557"
Wild West Picture Show,5,"$321,078,245","$542,486,905"
Lucamar,3,"$319,637,775","$619,659,058"
Alcor Films,9,"$319,629,315","$481,129,315"
Callahan Filmworks,3,"$318,256,659","$488,115,912"
Duncan Henderson Productions,1,"$317,871,467","$975,047,606"
Black Label Media,11,"$317,300,017","$709,955,390"
Sidney Kimmel Entertainment,20,"$316,575,513","$577,063,385"
Arthur Sarkissian,3,"$315,706,339","$642,669,242"
Guber-Peters,2,"$314,938,879","$475,098,879"
Hyde Park Entertainment,18,"$313,663,269","$494,894,435"
Misher Films,11,"$313,428,319","$657,563,090"
Roger Birnbaum,4,"$311,439,538","$532,012,588"
Emmett/Furla Films,13,"$309,680,505","$559,725,032"
Chartoff Winkler Productions,5,"$309,504,363","$627,954,162"
Detective Agency,1,"$308,709,423","$781,139,244"
Bernd Eichinger,3,"$307,917,818","$644,005,490"
LD Entertainment,23,"$307,460,359","$414,526,055"
TPS Company,7,"$306,570,619","$312,558,646"
Mirage,9,"$306,009,811","$508,819,425"
B23,1,"$304,360,277","$1,110,526,981"
2Dux2,3,"$301,792,397","$729,666,354"
Film4,51,"$300,794,841","$1,035,614,719"
Flynn Picture Company,10,"$300,212,753","$1,153,045,719"
Laika,6,"$300,158,323","$563,364,770"
Fuzzy Door,3,"$300,142,125","$773,230,770"
Double Feature Films,11,"$298,535,978","$519,627,837"
Brad Grey,5,"$296,254,412","$510,044,849"
Flower Films,7,"$295,712,266","$615,921,150"
Pathe,49,"$294,716,649","$860,381,780"
Shangri-La Entertainment,6,"$293,695,373","$539,526,939"
Mayhem Pictures,6,"$291,298,205","$404,503,456"
Out of the Blue Entertainment,2,"$289,773,247","$399,910,818"
Le Grisbi,9,"$289,112,418","$538,961,445"
Lynda Obst Productions,3,"$289,062,382","$863,425,274"
Scholastic Entertainment Inc.,7,"$286,746,547","$835,161,867"
Neal H. Moritz,2,"$286,442,310","$473,712,310"
PolyGram Filmed Entertainment,11,"$282,265,579","$827,130,246"
Mark Canton,6,"$280,911,937","$748,266,008"
Steven Spielberg,3,"$276,936,489","$576,942,849"
Toho Co,15,"$276,119,299","$1,275,813,450"
Protozoa Pictures,10,"$274,697,173","$812,480,009"
Esperanto Filmoj,3,"$274,092,705","$694,803,766"
Offspring Entertainment,8,"$273,053,830","$726,321,708"
Red Granite Pictures,4,"$272,968,502","$448,356,447"
Vertigo Films,23,"$272,614,227","$669,222,452"
Firm Films,6,"$267,320,265","$474,528,845"
Exclusive Media Group,12,"$266,036,687","$597,308,455"
Forward Pass,4,"$265,903,393","$528,002,571"
Dark Castle Entertainment,12,"$265,758,065","$485,697,602"
Big Talk Pictures,13,"$264,793,759","$610,411,207"
Littlestar,2,"$264,764,998","$1,011,186,898"
Infinitum Nihil,7,"$263,699,720","$735,134,214"
Samuel Goldwyn Films,51,"$262,632,708","$561,912,146"
Stuber Pictures,6,"$262,266,111","$498,250,992"
Rat Entertainment,6,"$262,041,375","$522,448,332"
Nick Wechsler,7,"$259,774,149","$484,513,159"
Runteldat Entertainment,4,"$259,063,630","$426,362,070"
FilmDistrict,5,"$259,061,227","$496,924,902"
Sikelia Productions,8,"$258,528,659","$722,344,295"
See-Saw Films,17,"$256,765,870","$744,425,129"
TIK Films,6,"$255,319,342","$1,036,894,984"
Four by Two Films,4,"$255,074,726","$609,021,136"
Arad Productions,5,"$254,074,965","$1,021,542,504"
Moritz Borman,5,"$254,064,772","$679,259,169"
John Davis,2,"$254,014,499","$429,314,499"
Anton Capital Entertainment,19,"$253,902,058","$993,552,108"
Cold Springs Pictures,7,"$253,538,940","$566,025,287"
Hutch Parker,3,"$253,174,824","$841,732,430"
Room 101,6,"$251,728,023","$576,303,933"
Allison Shearmur,4,"$250,642,270","$621,841,937"
Endgame Entertainment,16,"$249,904,237","$530,945,599"
Tree Line Film,3,"$249,549,353","$517,630,690"
Bazmark,3,"$248,565,516","$680,383,388"
United Plankton Pictures,3,"$248,410,641","$453,064,436"
Darren Star,2,"$247,994,950","$709,928,036"
Robert Rehme,3,"$247,886,880","$504,780,938"
Katja Motion Picture Corporation,2,"$247,095,503","$598,020,129"
Zanuck/Brown,4,"$246,638,219","$455,638,219"
State Street Pictures,11,"$246,210,399","$273,975,632"
Tollin/Robbins,3,"$245,866,167","$340,608,596"
Feigco Entertainment,8,"$245,377,226","$509,480,271"
New Republic Pictures,3,"$243,955,629","$516,142,389"
Pitt Bull,1,"$242,704,995","$484,468,608"
Sahdy Acres,1,"$242,704,995","$484,468,608"
Gotham Group,12,"$242,459,865","$925,586,362"
Beijing Universe Starlight Culture Media Company,5,"$241,930,785","$858,114,242"
Josephson Entertainment,5,"$241,875,083","$610,901,710"
Why Not Productions,27,"$241,652,381","$512,672,091"
Intermedia Film,9,"$240,967,146","$559,121,997"
Rocket Pictures,4,"$239,578,701","$470,279,918"
QED International,9,"$237,929,378","$638,568,953"
Bona Film Group,11,"$237,002,144","$1,196,208,857"
QC Entertainment,6,"$236,873,130","$366,107,675"
Bay Films,3,"$235,149,245","$680,802,118"
Curtis-Donen Productions,1,"$234,770,996","$490,359,051"
Carolco Pictures,2,"$233,970,952","$548,307,175"
Simon Kinberg,1,"$233,921,534","$747,862,775"
A24,31,"$233,586,920","$391,919,773"
Section Eight,6,"$233,203,528","$544,095,992"
Lawrence Bender,5,"$232,562,719","$423,268,609"
Smokehouse Pictures,6,"$231,819,337","$446,801,152"
Twisted Pictures,7,"$231,503,166","$561,680,473"
Hyayi Brothers Corp.,24,"$230,319,851","$1,481,724,194"
Jim Henson Productions,6,"$230,012,047","$291,455,854"
Goldcrest Films,20,"$229,018,589","$519,488,565"
Blue Light,2,"$227,991,744","$625,921,263"
Pearl Street,10,"$227,864,744","$528,071,177"
Leonard Goldberg,2,"$226,119,873","$486,936,090"
M. Productions,2,"$225,978,492","$636,153,396"
Burg-Knoules,5,"$225,896,749","$448,643,974"
Vendian Entertainment,8,"$224,904,055","$467,397,928"
Charles B. Wessler Entertainment,4,"$224,466,858","$564,630,401"
River Road Entertainment,11,"$224,315,604","$725,485,156"
Interscope Films,7,"$223,676,887","$450,026,017"
Guillermo del Toro,3,"$223,582,629","$656,750,015"
Impact Pictures,10,"$223,432,164","$1,219,917,752"
Moving Pictures,3,"$223,271,376","$331,085,778"
Wild Bunch,61,"$222,913,053","$758,613,658"
Sommers Company,3,"$222,642,322","$707,231,868"
On The Day Productions,5,"$221,369,355","$268,326,185"
Alliance Films,12,"$220,917,826","$429,000,838"
Strike Entertainment,7,"$220,560,999","$623,137,435"
Dickhouse,3,"$219,232,711","$332,588,812"
Blue Wolf,1,"$219,195,051","$441,286,003"
Mirage Enterprises,4,"$216,699,635","$412,511,398"
Queen Films,1,"$216,303,339","$903,526,372"
Live Nation Productions,2,"$216,102,710","$434,918,828"
Bill Gerber,1,"$215,288,866","$434,104,984"
Wrigley Pictures,6,"$215,241,593","$626,975,609"
Riche-Ludwig,2,"$214,843,286","$519,102,250"
Gratitude International,1,"$213,117,789","$296,338,663"
Practical Pictures,5,"$212,664,768","$640,917,614"
Provident Films,11,"$212,410,870","$222,645,302"
Conundrum Entertainment,4,"$212,394,225","$425,548,106"
Zadan/Meron,2,"$212,338,351","$377,843,017"
Aggregate Films,5,"$211,728,521","$301,187,409"
Double Dream,1,"$211,593,228","$470,288,232"
The Bedford Falls Company,4,"$211,428,369","$736,310,575"
Karz Entertainment,4,"$211,304,475","$425,654,602"
IMAX Corporation,10,"$210,158,723","$289,845,933"
Big Kid Pictures,4,"$208,434,597","$452,110,558"
Image Entertainment,8,"$208,236,506","$555,441,803"
Mr. Mudd,10,"$207,575,892","$325,441,115"
Studio Babelsberg,11,"$207,455,905","$614,107,529"
Access Entertainment,2,"$206,869,238","$696,668,220"
Kevin Feige,1,"$206,362,140","$644,602,516"
Eric's Boy,1,"$206,040,085","$312,383,487"
Mythology Entertainment,6,"$205,957,861","$459,506,747"
Lloyd Levin,3,"$205,400,050","$388,150,793"
DNA Films,15,"$204,824,891","$508,182,402"
Whitaker Entertainment,4,"$204,281,317","$320,423,618"
Zhiv,3,"$203,615,100","$383,279,805"
Ivan Reitman Production,3,"$201,534,845","$317,931,537"
Brandywine,2,"$200,739,115","$640,969,512"
Herrick Entertainment,5,"$200,730,790","$283,273,957"
Film 4,38,"$199,458,484","$671,215,963"
Dino De Laurentiis,4,"$198,694,051","$456,041,362"
David Entertainment Company,2,"$198,590,336","$447,449,374"
Horseshoe Bay,3,"$198,023,124","$353,149,242"
Kennedy Miller,1,"$198,000,317","$385,000,317"
Wayne Rice,4,"$197,523,151","$417,173,367"
Eidos Interactive,2,"$196,797,941","$430,423,128"
Hey Eddie,3,"$196,742,778","$351,695,429"
Davis Films,11,"$196,662,420","$1,089,122,815"
Sunday Night,4,"$196,639,244","$349,691,590"
Spring Creek Prod,5,"$196,623,743","$390,749,098"
Peters Entertainment,3,"$194,321,493","$331,245,147"
Malek Akkad,2,"$192,739,988","$294,003,028"
Double Dare You,4,"$192,681,035","$582,328,302"
Wind Dancer Films,4,"$192,036,778","$384,276,691"
Paramount Players,11,"$191,254,803","$278,739,568"
Gama Entertainment,2,"$191,216,282","$485,028,891"
Heavy Metal,1,"$191,204,754","$485,004,754"
Mednick Productions,2,"$191,204,754","$485,004,754"
Rough House Pictures,13,"$190,876,331","$296,558,679"
Avi Arad,1,"$190,173,195","$375,243,139"
Sean Daniel Company,4,"$188,354,897","$585,777,363"
Golden Mean,1,"$188,042,855","$312,183,437"
Orion Pictures,29,"$187,258,565","$218,815,451"
Depth of Field,12,"$186,739,495","$535,912,071"
Guy Walks Into a Bar,3,"$186,430,094","$272,113,538"
Wanda Media,21,"$184,393,825","$2,883,104,793"
Overture Films,8,"$183,983,289","$311,771,376"
LBI Entertainment,4,"$183,540,576","$339,789,937"
Matt Groening,1,"$183,135,014","$527,071,022"
Wayans Brothers Entertainment,2,"$182,813,789","$309,424,624"
Smoke House Pictures,4,"$182,763,215","$316,898,188"
Baltimore Spring Creek Pictures,2,"$182,693,512","$328,786,512"
Levantine Films,3,"$181,599,209","$249,929,644"
Pure Flix,16,"$181,268,092","$195,951,590"
Ashok Amritraj,6,"$180,580,570","$229,519,448"
Nuyorican,4,"$180,251,890","$267,177,559"
Geffen Pictures,3,"$179,898,944","$314,679,229"
Momentum Pictures,25,"$179,122,127","$565,888,683"
T.D. Jakes,4,"$178,790,251","$200,676,920"
TPS Star,11,"$178,399,693","$367,968,288"
IMF,6,"$177,965,784","$389,294,809"
China Film Group,8,"$176,830,538","$793,148,523"
Gunnfilms,4,"$176,722,474","$239,087,066"
Amazon Studios,46,"$176,286,624","$337,867,723"
Blueprint Films,15,"$176,180,061","$522,714,206"
Mandalay Vision,10,"$176,125,637","$306,094,086"
Ludlum Entertainment,1,"$176,087,450","$311,001,124"
Hemdale,3,"$176,052,820","$216,071,102"
Automatik,39,"$175,928,141","$292,738,103"
Ivanhoe Pictures,3,"$175,319,554","$289,639,273"
SK Global,4,"$175,087,951","$238,838,834"
Gilbert Films,10,"$175,064,514","$488,345,427"
Electric Somewhere,1,"$174,532,921","$238,099,711"
Gulfstream Pictures,7,"$174,429,511","$364,045,436"
Chris Morgan Productions,2,"$173,956,935","$760,582,290"
Polygram Pictures,5,"$173,869,525","$318,380,585"
Neal Street,3,"$173,826,124","$414,853,067"
Harbinger Pictures,3,"$173,710,166","$224,378,545"
Groucho II Film Partnership,1,"$173,396,389","$465,421,959"
Michael Bay,3,"$172,905,798","$280,054,722"
Lorne Michaels,4,"$172,179,940","$217,085,739"
OddLot Entertainment,8,"$171,662,190","$313,221,878"
Producer Circle Company,1,"$170,687,518","$306,770,545"
Martin Bregman,3,"$170,002,424","$254,977,424"
TTK Productions,2,"$169,418,043","$260,018,043"
Bona Fide,13,"$169,218,250","$296,610,190"
EMI,1,"$169,100,479","$340,800,479"
Phillips,1,"$169,100,479","$340,800,479"
Celador Films,4,"$168,402,989","$450,466,801"
The Fyzz Facility,43,"$168,013,124","$346,882,643"
