,title,prd_company
0,Tenet,Syncopy
1,Terminator 3: Rise of the Machines,"Intermedia, C2 Pictures"
2,Poseidon,"Virtual Studios, Irwin Allen Productions"
3,The Irishman,"TriBeCa Productions, Sikelia Productions"
4,Lethal Weapon 4,Silver Pictures
5,Final Fantasy: The Spirits Within,Square Pictures
6,The Bourne Ultimatum,"The Kennedy/Marshall Company, Ludlum Entertainment"
7,Batman & Robin,Warner Bros.
8,Stuart Little 2,"Columbia Pictures, Red Wagon Entertainment"
9,The Chronicles of Riddick,"Radar Pictures, One Race Films"
10,Dante's Peak,Pacific Western Productions
11,Home on the Range,.
12,Speed 2: Cruise Control,.
13,The Lord of the Rings: The Fellowship of the Ring,"New Line Cinema, WingNut Films"
14,Town & Country,"Sidney Kimmel Entertainment, Simon Fields Productions"
15,End of Days,Beacon Pictures
16,The Stepford Wives,"Paramount Pictures, DreamWorks Pictures, DeLine Pictures"
17,Surf's Up,Sony Pictures Animation
18,Starship Troopers,"TriStar Pictures, Touchstone Pictures, Jon Davison Productions"
19,Cats,"Working Title Films, Amblin Entertainment, Perfect World Pictures, Monumental Pictures, The Really Useful Group"
20,Jurassic Park III,Amblin Entertainment
21,The Alamo,"Touchstone Pictures, Imagine Entertainment, "
22,Cutthroat Island,Carolco Pictures
23,Men in Black,.
24,Rush Hour 2,Roger Birnbaum Productions
25,Mulan,"Walt Disney Pictures, Walt Disney Feature Animation"
26,The Haunted Mansion,Walt Disney Pictures
27,Hollow Man,"Columbia Pictures, Red Wagon Productions"
28,The Saint,"Rysher Entertainment, "
29,Mission to Mars,"Touchstone Pictures, Spyglass Entertainment"
30,Volcano,Moritz Original
31,Bright,Overbrook Entertainment
32,The Fast and the Furious: Tokyo Drift,Universal Pictures
33,The Rundown,"Universal Pictures, Columbia Pictures, Strike Entertainment, WWE Films"
34,Collateral Damage,Bel-Air Entertainment
35,Nutty Professor II: The Klumps,Imagine Entertainment
36,The 6th Day,"Phoenix Pictures, Columbia Pictures"
37,Batman Returns,"John Alvin, Warner Bros."
38,Space Jam,"Warner Bros. Family Entertainment, Warner Bros. Feature Animation"
39,The Pink Panther,Mirisch Compa
40,Six Days Seven Nights,"Touchstone Pictures, Caravan Pictures, Northern Lights Entertainment, Roger Birnbaum Productions"
41,The Time Machine,.
42,What Dreams May Come,Interscope Communications
43,Mighty Joe Young,"Walt Disney Pictures, RKO Pictures"
44,Thirteen Days,Beacon Pictures
45,Looney Tunes: Back in Action,Warner Bros. Feature Animation
46,Timeline,.
47,Babe: Pig in the City,Kennedy Miller Productions
48,The Postman,.
49,Red Planet,Village Roadshow Pictures
50,A Sound of Thunder,"Franchise Pictures, Crusader Entertainment, Baldwin Entertainment Group"
51,Hidalgo,"Touchstone Pictures, Carey Silver Productions"
52,The League of Extraordinary Gentlemen,"20th Century Fox, Angry Films"
53,The Little Prince,.
54,Renegades,.
55,2 Fast 2 Furious,Original Film
56,Inspector Gadget,"Walt Disney Pictures, Caravan Pictures, DIC Entertainment, Roger Birnbaum Productions, Avnet-Kerner Productions"
57,Vertical Limit,Columbia Pictures
58,Life,Imagine Entertainment
59,Bandits,"Hyde Park Entertainment, Empire Pictures, Cheyenne Enterprises, Metro?밎oldwyn?밠ayer"
60,Anna and the King,"Fox 2000 Pictures, Lawrence Bender Productions"
61,First Knight,Zucker Brothers Entertainment
62,Hostage,"Cheyenne Enterprises, Equity Pictures"
63,Titan A.E.,Fox Animation Studios
64,Soldier,.
65,Virus,.
66,Snake Eyes,"Paramount Pictures, Touchstone Pictures"
67,Braveheart,"Icon Productions, The Ladd Company"
68,Driven,Franchise Pictures
69,Hercules,"Walt Disney Pictures, Walt Disney Feature Animation"
70,Star Trek: Insurrection,.
71,Wolf,"Least Concern, Linnaeus, 1758"
72,Bad Company,.
73,Hard Rain,"UGC-PH, Tele M체nchen, BBC, Nordisk Film, Marubeni, Toho, PolyGram Filmed Entertainment, Mutual Film Company"
74,Rollerball,.
75,Next,.
76,Ballistic: Ecks vs. Sever,Franchise Pictures
77,Osmosis Jones,"Warner Bros. Feature Animation, Conundrum Entertainment"
78,Agora 챕 que Conta,.
79,Money Train,.
80,Mystery Men,Dark Horse Entertainment
81,The Insider,"Touchstone Pictures, Spyglass Entertainment"
82,Last Man Standing,New Line Cinema
83,The Making of 'The X Files: Fight the Future',.
84,The Santa Clause 2,Walt Disney Pictures
85,Total Recall,Carolco Pictures
86,Cliffhanger,"Carolco Pictures, TriStar Pictures, Le Studio Canal+, Pioneer Corporation, RCS Video"
87,Mona Lisa Smile,"Columbia Pictures, Revolution Studios, Red Om Films Productions"
88,We Are Marshall,"Legendary Pictures, Thunder Road Pictures, Wonderland Sound and Vision"
89,Primary Colors,Mutual Film Company
90,Hudson Hawk,Silver Pictures
91,Lucky Numbers,StudioCanal
92,Little Man,.
93,Random Hearts,Rastar
94,Perfume: The Story of a Murderer,.
95,Wyatt Earp,"Kasdan Pictures, Tig Productions"
96,U-571,"Dino De Laurentiis Company, Canal+ Image"
97,3000 Miles to Graceland,"Morgan Creek Productions, Franchise Pictures"
98,GoldenEye,"Terry O'Neill, Eon Productions, United Artists"
99,The General's Daughter,.
100,Cheaper by the Dozen 2,Twentieth Century Fox Film Corporation
101,Ladder 49,"Touchstone Pictures, Beacon Pictures, Casey Silver Productions"
102,Kangaroo Jack,"Castle Rock Entertainment, Jerry Bruckheimer Films"
103,Hellboy,"Columbia Pictures, Revolution Studios, Lawrence Gordon/Lloyd Levin Productions, Dark Horse Entertainment"
104,Up Close & Personal,"Touchstone Pictures, Cinergi Pictures, Avnet/Kerner Productions"
105,The Tuxedo,"DreamWorks SKG, Vanguard Films"
106,Alien: Resurrection,"20th Century Fox, Brandywine Productions"
107,Star Trek: Nemesis,.
108,The Relic,"BBC, Cloud Nine Entertainment, Marubeni Corporation, Pacific Western Productions, PolyGram Filmed Entertainment, Tele M체nchen Fernseh Produktionsgesellschaft, Toho-Towa"
109,Mercury Rising,Imagine Entertainment
110,Event Horizon,"Paramount Pictures, Impact Pictures"
111,The Avengers,.
112,Supernova,Metro-Goldwyn-Mayer
113,Holy Man,"Touchstone Pictures, Caravan Pictures, Roger Birnbaum Productions"
114,Beyond Borders,Mandalay Pictures
115,Rambo III,Carolco Pictures
116,Pocahontas,"Walt Disney Pictures, Walt Disney Feature Animation"
117,The Nutty Professor,Imagine Entertainment
118,George of the Jungle,"Walt Disney Pictures, Mandeville Films, Jay Ward Productions, The Kerner Entertainment Company"
119,American Wedding,"LivePlanet, Zide/Perry Productions"
120,Disclosure,.
121,Tango & Cash,.
122,Shanghai Noon,"Touchstone Pictures, Spyglass Entertainment"
123,The Making of 'Alien 3',.
124,Evita,.
125,The Ghost and the Darkness,Paramount Pictures
126,The Hunted,Lakeshore Entertainment
127,Instinct,"Touchstone Pictures, Spyglass Entertainment, plot summary"
128,Stuck on You,Conundrum Entertainment
129,Chain Reaction,The Zanuck Company
130,Gods and Generals,Ted Turner Pictures
131,Turbulence,"Rysher Entertainment, Metro-Goldwyn-Mayer"
132,All the King's Men,.
133,Un long dimanche de fian챌ailles: le making-of,.
134,Lolita 2000,.
135,Eye See You,"Universal Pictures, Imagine Entertainment"
136,The Godfather: Part III,"Paramount Pictures, Zoetrope Studios"
137,Elizabethtown,"Cruise/Wagner Productions, Vinyl Films"
138,Anastasia,Fox Animation Studios
139,Beloved,.
140,Patch Adams,"Blue Wolf, Bungalow 78 Productions, Farrell/Minoff"
141,How to Lose a Guy in 10 Days,Paramount Pictures
142,Payback,Icon Productions
143,'V for Vendetta' Unmasked,.
144,Herbie Fully Loaded,"Walt Disney Pictures, Robert Simonds Productions"
145,Shanghai Knights,"Touchstone Pictures, Spyglass Entertainment"
146,Resident Evil: Apocalypse,"Constantin Film, Impact Pictures, Screen Gems"
147,The Game,Propaganda Films
148,Silent Hill,"Davis Films, Konami"
149,Rambo: Last Blood,"Millennium Media, Balboa Productions"
150,Out of Time,.
151,The Beach,.
152,On Deadly Ground,"Seagal/Nasso Productions, Warner Bros"
153,For Love of the Game,"Beacon Pictures, Renaissance Pictures, Tig Productions"
154,Striptease,Castle Rock Entertainment
155,The Story of Us,Castle Rock Entertainment
156,Escape from L.A.,Rysher Entertainment
157,The Iron Giant,Warner Bros. Feature Animation
158,Man of the House,Revolution Studios
159,The Life of David Gale,"Intermedia Films, Dirty Hands, Saturn Films"
160,Baby's Day Out,Hughes Entertainment
161,Mad City,Arnold Kopelson Productions
162,The Scarlet Letter,"Hollywood Pictures, Cinergi Pictures, Lightmotive, Allied Stars, "
163,Domino,.
164,Jade,.
165,Death to Smoochy,Film4 Productions
166,The Big Bounce,Shangri-La Entertainment
167,What Planet Are You From?,"Brillstein-Grey Entertainment, Columbia Pictures"
168,The One,.
169,Traffic,.
170,Panic Room,.
171,The Thomas Crown Affair,"United Artists, Irish DreamTime"
172,K-PAX,"Intermedia, Lawrence Gordon Productions"
173,Riding in Cars with Boys,"Columbia Pictures, Gracie Films"
174,Mary Reilly,.
175,Star Trek: First Contact,.
176,Scary Movie 3,.
177,Scary Movie 2,.
178,Underworld: Evolution,Lakeshore Entertainment
179,Jack,.
180,The Specialist,.
181,The Hitchhiker's Guide to the Galaxy,"Touchstone Pictures, Spyglass Entertainment, Hammer & Tongs, Everyman Pictures"
182,Resident Evil: Extinction,"Screen Gems, Constantin Film, Impact Pictures"
183,The River Wild,.
184,Last Holiday,ImageMovers
185,The Indian in the Cupboard,"Paramount Pictures, Columbia Pictures, The Kennedy/Marshall Company, Scholastic Productions"
186,Dune,.
187,Richard Jewell,"Malpaso Productions, Appian Way Productions"
188,The Glimmer Man,.
189,The Phantom,"The Ladd Company, Village Roadshow Pictures"
190,Rebound,"Robert Simonds Productions, Runteldat Entertainment"
191,All the Pretty Horses,Miramax Films
192,Deep Rising,"Hollywood Pictures, Cinergi Pictures"
193,Love in the Time of Cholera,Stone Village Pictures
194,Pinocchio,"Enrico Mazzanti, Walt Disney"
195,Shadow Conspiracy,"Cinergi Pictures, Hollywood Pictures"
196,The Juror,.
197,Heaven's Gate,Partisan Productions
198,Boomerang,.
199,Cleopatra,.
200,The Mirror Has Two Faces,"Phoenix Pictures, Barwood Films"
201,The Mothman Prophecies,Lakeshore Entertainment
202,Licence to Kill,"Eon Productions, United Artists"
203,Hero,.
204,McHale's Navy,The Bubble Factory
205,Au four et au moulin: les coulisses de Micmacs 횪 Tire-Larigot,.
206,8 Mile,Image Entertainment
207,The Medallion,Emperor Multimedia Group
208,Double Jeopardy,.
209,A League of Their Own,.
210,Scary Movie 4,.
211,Scream 3,"Konrad Pictures, Craven/Maddalena Films"
212,The Last of the Mohicans,.
213,Spawn,Dippe Goldman Williams
214,Medicine Man,"Hollywood Pictures, Cinergi Pictures"
215,Fever Pitch,.
216,Ri짖hie Ri짖h,"Silver Pictures, Davis Entertainment, The Harvey Entertainment Company, Warner Bros. Family Entertainment"
217,8MM,Global Entertainment Productions
218,Hanging Up,.
219,The Doors,"Bill Graham Films, Carolco Pictures, Imagine Entertainment"
220,Pay It Forward,"Bel-Air Entertainment, Path챕"
221,The Shadow,"Bregman/Baer Productions, inc."
222,The Art of War,Franchise Pictures
223,Bless the Child,Icon Productions
224,The Out-of-Towners,.
225,The Island of Dr. Moreau,.
226,The Musketeer,.
227,Sweet November,.
228,The Reaping,"Village Roadshow Pictures, Dark Castle Entertainment"
229,Quest for Camelot,"Warner Bros. Feature Animation, Warner Bros. Family Entertainment"
230,At First Sight,.
231,Torque,"Village Roadshow Pictures, Original Film"
232,Showgirls,"Carolco Pictures, Chargeurs, United Artists"
233,Marie Antoinette,"횋lisabeth Vig챕e Le Brun, Basilica of St Denis, Louis XVI of France"
234,Get Carter,MGM-British Studios
235,Ishtar,Delphi V Productions
236,New York Minute,Dualstar Productions
237,The Deep End of the Ocean,Mandalay Entertainment
238,Feardotcom,Franchise Pictures
239,Raise the Titanic,ITC Entertainment
240,The Impostor Files: The Making of 'Impostor',.
241,Extreme Ops,.
242,Pirates,.
243,The Hunting Party,"Intermedia, QED International, "
244,Red Cliff II,.
245,The Last Shot,"Touchstone Pictures, Mandeville Films"
246,Superman III,.
247,Sgt. Bilko,Imagine Entertainment
248,Serenity,.
249,Shoot 'Em Up,.
250,Against the Ropes,Cort/Madden Productions
251,Star Trek: Generations,.
252,Enough,Columbia Pictures
253,Angel Eyes,"Morgan Creek, Franchise Pictures"
254,Switchback,Pacific Western Production
255,Texas Rangers,.
256,Virgin Territory: The Making of 'The Virgin Queen',.
257,Blue Streak,.
258,Breakdown,"Dino De Laurentiis Company, "
259,Isn't She Great,"BBC, Mutual Film Corporation, Tele-Munchen, Toho, Universal Pictures"
260,Head of State,.
261,Lethal Weapon 3,Silver Pictures
262,Star Trek: The Motion Picture,.
263,In & Out,.
264,Species,.
265,Malcolm X,40 Acres and a Mule Filmworks
266,Must Love Dogs,"Ubu Productions, Warner Bros."
267,The Ladykillers,"Reginald Mount, Ealing Studios"
268,The Nativity Story,Temple Hill Entertainment
269,The Pianist,.
270,House of Wax,.
271,Queen of the Damned,Village Roadshow Pictures
272,Predator 2,"Silver Pictures, Gordon Company, Davis Entertainment"
273,Flash Gordon,Dino De Laurentiis Company
274,Blast from the Past,.
275,Heist,"Morgan Creek Productions, Franchise Pictures"
276,Cursed,"Dimension Films, Outerbanks Entertainment"
277,The Four Feathers,.
278,Flight of the Intruder,.
279,American Outlaws,Morgan Creek
280,The Shipping News,.
281,The Order,.
282,Femme Fatale,.
283,Warriors of Virtue,China Film Co-Production Corporation
284,Luther,.
285,Playing for Keeps,Miramax Films
286,Ride with the Devil,Good Machine
287,Bandidas,"EuropaCorp, Canal+"
288,Black Water Transit,.
289,The Age of Innocence,.
290,Chill Factor,Morgan Creek Productions
291,I Dreamed of Africa,.
292,Reds,.
293,The Watcher,.
294,Phenomenon,Touchstone Pictures
295,Snow Dogs,"Walt Disney Pictures, Kerner Entertainment"
296,Scrooged,.
297,Men of Honor,Fox 2000 Pictures
298,A History of Violence,BenderSpink
299,Laws of Attraction,"Intermedia Productions, Deep River Productions, Irish DreamTime, Initial Entertainment Group (IEG)"
300,Bringing Out the Dead,"Paramount Pictures, Touchstone Pictures"
301,Dragon Wars: D-War,.
302,Cats Don't Dance,"Turner Feature Animation, Warner Bros. Family Entertainment, Warner Bros. Animation"
303,George and the Dragon,.
304,Apocalypse Now,Omni Zoetrope
305,La ch'tite famille,.
306,Mr. Holland's Opus,"Hollywood Pictures, Interscope Communications, PolyGram Filmed Entertainment"
307,Out of Africa,Mirage Enterprises
308,Frequency,.
309,Hearts in Atlantis,"Castle Rock Entertainment, Village Roadshow Pictures"
310,American Pie 2,LivePlanet
311,The Addams Family,"Orion Pictures, Paramount Pictures"
312,The First Wives Club,.
313,Rugrats in Paris: The Movie,"Nickelodeon Movies, Klasky Csupo"
314,The Prince of Tides,.
315,About Schmidt,New Line Cinema
316,Babe,Kennedy Miller Productions
317,Friday Night Lights,Imagine Entertainment
318,Harlem Nights,.
319,Without a Paddle,De Line Pictures
320,Star Trek V: The Final Frontier,.
321,Like Mike,"20th Century Fox, NBA Entertainment"
322,Naked Gun 33 1/3: The Final Insult,.
323,Racing Stripes,Alcon Entertainment
324,The Power of One: The Pokemon 2000 Movie Special,.
325,Glory Road,Walt Disney Pictures
326,Blue Crush,Imagine Entertainment
327,Little Shop of Horrors,The Geffen Company
328,Gridiron Gang,"Columbia Pictures, Relativity Media, Original Film"
329,Midnight Run,.
330,Mortal Kombat: Annihilation,New Line Cinema
331,Take the Lead,.
332,What's the Worst That Could Happen?,"Hyde Park Entertainment, Metro-Goldwyn-Mayer"
333,Bulworth,.
334,Dumb and Dumberer: When Harry Met Lloyd,.
335,One True Thing,.
336,Mr 3000,"Touchstone Pictures, Dimension Films, Spyglass Entertainment, The Kennedy/Marshall Company"
337,Little Black Book,Revolution Studios
338,Assault on Precinct 13,.
339,The Replacement Killers,"Columbia Pictures, Brillstein-Grey Entertainment"
340,Ultraviolet,Screen Gems
341,Fled,.
342,The Whole Ten Yards,"Franchise Pictures, Cheyenne Enterprises"
343,Howard the Duck,Marvel Productions
344,Godsend,"2929 Entertainment, Atmosphere Pictures"
345,Alex & Emma,Franchise Pictures
346,Wicker Park,"Lakeshore Entertainment, Metro-Goldwyn-Mayer"
347,Evening,.
348,Wing Commander,"Digital Anvil, Origin Systems"
349,Antitrust,"Hyde Park Entertainment, Metro?諛럒ldwyn?諛쟞yer"
350,An Unfinished Life,"Revolution Studios, The Ladd Company"
351,Trapped,"Mandolin Entertainment, Propaganda Films"
352,Gloria,"Mandalay Entertainment, plot summary"
353,The Merchant of Venice,"UK Film Council, Arclight Films, Spice Factory, MoVision Entertainment"
354,Die Konferenz der Tiere,.
355,Overdrive,.
356,Goodbye Bafana,.
357,Once Upon a Time in Mexico,"Columbia Pictures, Dimension Films, Troublemaker Studios"
358,Keeping the Faith,"Touchstone Pictures, Spyglass Entertainment"
359,Seed of Chucky,.
360,Serving Sara,Mandalay Pictures
361,Cry Freedom,.
362,Mumford,Touchstone Pictures
363,The Jacket,"Mandalay Pictures, 2929 Entertainment, Section Eight"
364,The Rugrats Movie,Klasky Csupo
365,Miracle,"Walt Disney Pictures, Mayhem Pictures"
366,The Wedding Planner,Intermedia
367,Dawn of the Dead,.
368,Timecop,"Largo Entertainment, Renaissance Pictures, Dark Horse Entertainment"
369,Hocus Pocus,Walt Disney Pictures
370,We Own the Night,2929 Productions
371,Lost Souls,Castle Rock Entertainment
372,A Simple Wish,The Bubble Factory
373,Kundun,"Touchstone Pictures, StudioCanal"
374,Alatriste,.
375,A Passage to India,"Thorn EMI, HBO"
376,Rendition,"Level 1 Entertainment, Anonymous Content"
377,Star Trek VI: The Undiscovered Country,.
378,The Jungle Book,"Baloo Productions, Jungle Book Films, Walt Disney Pictures"
379,Lake Placid,"Fox 2000 Pictures, Phoenix Pictures"
380,The Right Stuff,The Ladd Company
381,Dark City,.
382,The Honeymooners,.
383,Return to Oz,"Walt Disney Pictures, Silver Screen Partners II"
384,The Newton Boys,.
385,Suspect Zero,"Columbia Pictures, Intermedia Films, Lakeshore Entertainment, Cruise/Wagner Productions"
386,Martian Child,.
387,What Just Happened,.
388,The Statement,.
389,The Magic Flute,Sveriges Radio/TV2/AB Svensk
390,Kindergarten Cop,Imagine Entertainment
391,Ever After: A Cinderella Story,Fox Family Films
392,Flatliners,Stonebridge Entertainment
393,Open Range,.
394,A Bridge Too Far,.
395,Final Destination 2,Zide/Perry Productions
396,Silverado,.
397,Agent Cody Banks 2: Destination London,"Maverick Films, Metro-Goldwyn-Mayer"
398,Welcome to Mooseport,Intermedia Films
399,Flipper,The Bubble Factory
400,Rain Man,"Guber-Peters Company, Star Partners II, Ltd."
401,"Legally Blonde 2: Red, White & Blonde","Type A Films, Marc Platt Productions, Metro-Goldwyn-Mayer"
402,Scooby-Doo 2: Monsters Unleashed,Mosaic Media Group
403,Freddy vs. Jason,"New Line Cinema, Crystal Lake Entertainment"
404,Jimmy Neutron: Boy Genius,"Nickelodeon Movies, O Entertainment, DNA Productions"
405,Teenage Mutant Ninja Turtles II: The Secret of the Ooze,"Golden Harvest, Mirage Enterprises"
406,The Untouchables,.
407,Tombstone,"Hollywood Pictures, Cinergi Pictures"
408,Romeo Must Die,Silver Pictures
409,The Omen,Mace Neufeld Productions
410,Final Destination 3,"Hard Eight Pictures, Zide/Perry Productions"
411,Cobra,The Cannon Group
412,Goodfellas,.
413,Nothing to Lose,"Touchstone Pictures, O Entertainment"
414,The Beverly Hillbillies,"Filmways Television, CBS Television Network"
415,The Hours,.
416,Money Talks,New Line Cinema
417,There Will Be Blood,Ghoulardi Film Company
418,The Wild Thornberrys Movie,Klasky Csupo
419,Rugrats Go Wild,"Nickelodeon Movies, Klasky Csupo"
420,The Sisterhood of the Traveling Pants,"Alcon Entertainment, Di Novi Pictures, Alloy Entertainment"
421,Undercover Brother,Imagine Entertainment
422,Kiss of the Dragon,"StudioCanal, EuropaCorp"
423,Beauty Shop,Metro-Goldwyn-Mayer
424,What a Girl Wants,"Di Novi Pictures, Gerber Pictures"
425,A Day in Hell: On the Set of 'Jeepers Creepers II',.
426,Good Luck Chuck,.
427,Bride of Chucky,.
428,August Rush,Southpaw Entertainment
429,Tora! Tora! Tora!,.
430,Crocodile Dundee in Los Angeles,.
431,Kingpin,"Motion Picture Corporation of America, Rysher Entertainment"
432,Ice Princess,Walt Disney Pictures
433,A Lot Like Love,"Touchstone Pictures, Beacon Pictures"
434,He Got Game,"Touchstone Pictures, 40 Acres and a Mule Filmworks"
435,Unaccompanied Minors,.
436,Half Past Dead,Franchise Pictures
437,The Greatest Game Ever Played,Walt Disney Pictures
438,The Next Best Thing,Lakeshore Entertainment
439,Fly Me to the Moon 3D,.
440,Maximum Risk,.
441,Stealing Harvard,"Columbia Pictures, Revolution Studios, Imagine Entertainment"
442,Hot Rod,.
443,Lifeforce,Cannon Films
444,The Powerpuff Girls Movie,Cartoon Network Studios
445,Big Trouble in Little China,"Drew Struzan, 20th Century Fox"
446,Gettysburg,.
447,Abandon,Spyglass Entertainment
448,Brokedown Palace,
449,Possession,.
450,Mrs. Winterbourne,.
451,Stone Cold,Vision International
452,The Road,2929 Productions
453,The Hoax,"Miramax Films, Bob Yari Productions, The Mark Gordon Company"
454,Sheena,.
455,Underclassman,Miramax Films
456,Say It Isn't So,Conundrum Entertainment
457,The World's Fastest Indian,2929 Productions
458,Tank Girl,Trilogy Entertainment Group
459,King's Ransom,.
460,Bad Lieutenant: Port of Call New Orleans,"Millennium Films, Saturn Films"
461,Venom,"Miramax Films, Dimension Films, Outerbanks Entertainment"
462,Where the Truth Lies,"Telefilm Canada, The Movie Network"
463,Without Limits,"Warner Bros., Cruise/Wagner Productions"
464,Love Ranch,.
465,Matilda,TPO Rok
466,Red Sky,Svarog Films
467,Waterloo,.
468,Reagan,.
469,Star Trek IV: The Voyage Home,.
470,Scream 2,Craven-Maddalena Films
471,Rocky Balboa,"Metro-Goldwyn-Mayer, Columbia Pictures, Revolution Studios"
472,The Whole Nine Yards,"Morgan Creek Productions, Franchise Pictures"
473,The Fisher King,.
474,I Still Know What You Did Last Summer,Mandalay Entertainment
475,Hitman,.
476,"Hello, Dolly!",Chenault Productions
477,Return to Me,Metro?諛럒ldwyn?諛쟞yer
478,The Wiz,Motown Productions
479,Win a Date with Tad Hamilton!,Red Wagon Entertainment
480,Muppets from Space,"Columbia Pictures, Jim Henson Pictures"
481,Ready to Rumble,Tollin/Robbins Productions
482,Play It to the Bone,Touchstone Pictures
483,Dhoom 3,Yash Raj Films
484,Beyond the Sea,Trigger Street Productions
485,Meet the Deedles,"Walt Disney Pictures, DIC Entertainment"
486,The Naked Gun 2쩍: The Smell of Fear,"Zucker, Abrahams and Zucker"
487,Final Destination,"Zide/Perry Productions, Hard Eight Pictures"
488,King Kong,"John Berkey, Dino De Laurentiis Corporation"
489,Anywhere But Here,.
490,The Crew,Touchstone Pictures
491,Chasing Liberty,Alcon Entertainment
492,The End of the Affair,.
493,Harley Davidson and the Marlboro Man,.
494,Ch챕ri,UK Film Council
495,Spaceballs,Brooksfilms
496,1408,.
497,Ghost,"Paramount Pictures, Howard W. Koch Productions, "
498,The Santa Clause,Walt Disney Pictures
499,The Rookie,Walt Disney Pictures
500,The Net,Columbia Pictures
501,I Am Sam,The Bedford Falls Company
502,The Gentlemen,Miramax
503,Shadowlands,.
504,Saving Silverman,"Columbia Pictures, Village Roadshow Pictures, Original Film"
505,The Island,.
506,Josie and the Pussycats,"Metro-Goldwyn-Mayer, Universal Pictures, Marc Platt Productions"
507,The Little Vampire,Propaganda Films
508,RoboCop 3,.
509,Darling Lili,.
510,Sorcerer,Richard L. Albert
511,Moli챔re,.
512,"South Park: Bigger, Longer & Uncut","Comedy Central Films, Scott Rudin Productions"
513,Firefox,"Fedora Linux, GNOME Shell, Mozilla Thunderbird"
514,Teenage Mutant Ninja Turtles III,Golden Harvest
515,Hardball,"Fireworks Pictures, Tollin/Robbins Productions"
516,The Transporter,"EuropaCorp, TF1 Films Production, Canal+"
517,The Bachelor,.
518,The Rage: Carrie 2,United Artists
519,Away We Go,"Big Beach, Neal Street Productions"
520,Moonlight Mile,"Touchstone Pictures, Hyde Park Entertainment"
521,Molly,.
522,eXistenZ,"Dimension Films, Harold Greenberg Fund, The Movie Network, Natural Nylon, T챕l챕film Canada, UGC"
523,The Best Little Whorehouse in Texas,"Miller-Milkis-Boyett Productions, RKO Pictures"
524,Pulse,.
525,Home Alone 2: Lost in New York,.
526,Beverly Hills Cop II,.
527,The Silence of the Lambs,.
528,Wayne's World,NBC Films
529,Jaws 2,Universal Pictures
530,Mortal Kombat,"Threshold Entertainment, "
531,White Chicks,"Columbia Pictures, Revolution Studios"
532,Holes,"Walt Disney Pictures, Walden Media, Phoenix Pictures, Chicago Pacific Entertainment"
533,Popeye,"Paramount Pictures, Walt Disney Productions, Robert Evans Productions, King Features Entertainment"
534,The Jungle Book 2,"Walt Disney Pictures, DisneyToon Studios, Walt Disney Animation Australia, Walt Disney Animation France, Toon City Animation"
535,The Tigger Movie,"Walt Disney Pictures, Disney MovieToons, Walt Disney Television Animation, Walt Disney Animation Japan"
536,The Grudge 2,"Columbia Pictures, Ghost House Pictures"
537,Conan the Barbarian,Dino De Laurentiis Corporation
538,How Stella Got Her Groove Back,20th Century Fox
539,Bill & Ted's Bogus Journey,"Nelson Entertainment, Interscope Communications"
540,Man of the Year,Morgan Creek Productions
541,The Black Hole,Walt Disney Productions
542,Selena,Q-Productions
543,Team America: World Police,"Scott Rudin Productions, Braniff, Productions"
544,Paint Your Wagon,The Malpaso Company
545,Wild Things,Mandalay Entertainment
546,Stick It,"Touchstone Pictures, Spyglass Entertainment"
547,Eye for an Eye,.
548,Stay Alive,"Hollywood Pictures, Spyglass Entertainment, Endgame Entertainment, Wonderland Sound and Vision"
549,Psycho,"Imagine Entertainment, "
550,Quigley Down Under,"Steven Chorney, Path梨?Entertainment"
551,Vampires,"Columbia Pictures, Largo Entertainment"
552,Yu-Gi-Oh!: The Movie - Pyramid of Light,.
553,Reign Over Me,"Relativity Media, Mr. Madison 23 Productions, Sunlight Productions"
554,Georgia Rule,Morgan Creek Productions
555,Under the Rainbow,Orion Pictures
556,Simon Birch,"Hollywood Pictures, Caravan Pictures, Roger Birnbaum Productions, Laurence Mark Productions"
557,Pooh's Heffalump Movie,"Walt Disney Pictures, DisneyToon Studios, Walt Disney Animation Japan"
558,Kung Fu Hustle,"Columbia Pictures Film Production Asia, China Film Group, Huayi Brothers"
559,The Country Bears,Walt Disney Pictures
560,Dead Silence,"Twisted Pictures, Universal Pictures"
561,21 Grams,This Is That Productions
562,Paparazzi,Icon Entertainment
563,A Guy Thing,"David Ladd Films, Metro-Goldwyn-Mayer"
564,The Greatest Story Ever Told,.
565,Loser,.
566,Twilight,.
567,Capitalism: A Love Story,"Dog Eat Dog Films, The Weinstein Company"
568,One Night with the King,Gener8Xion Entertainment
569,Bullets Over Broadway,.
570,The Quiet American,.
571,Undisputed,"Millennium Films, Motion Picture Corporation of America, A Band Apart, @radical.media"
572,3 Ninjas Kick Back,.
573,Deconstructing Harry,.
574,Three to Tango,Village Roadshow Pictures
575,We're No Angels,.
576,Everyone Says I Love You,.
577,Death Sentence,.
578,Superbabies: Baby Geniuses 2,"ApolloMedia, Crystal Sky Pictures"
579,Code Name: The Cleaner,.
580,Proof,.
581,Willard,Hard Eight Pictures
582,Topsy-Turvy,Thin Man Films
583,Alone in the Dark,.
584,Birth,.
585,Passchendaele,Rhombus Media
586,"Synecdoche, New York",Sidney Kimmel Entertainment
587,Can't Stop the Music,EMI Films
588,Marci X,Scott Rudin Productions
589,Equilibrium,Dimension Films
590,The Children of Huang Shi,Screen Australia
591,The Yards,Miramax Films
592,The Game of Their Lives,.
593,Rapa Nui,"Regency Enterprises, Tig Productions"
594,CJ7,China Film Group
595,Admiral,.
596,Adventures in Zambezia,Triggerfish Animation Studios
597,The Painted Veil,.
598,Just Married,.
599,A Cinderella Story,.
600,Thomas and the Magic Railroad,"Gullane Pictures, Isle of Man Film Commission"
601,Mutiny on the Bounty,.
602,Firestorm,.
603,The Fall of the Roman Empire,Samuel Bronston Productions
604,Kansas City,Ciby 2000
605,Indig챔nes: Sur les traces d'indig챔ne,.
606,Adaptation.,"Columbia Pictures, Good Machine, Intermedia, Propaganda Films"
607,Legally Blonde,"Type A Films, Marc Platt Productions, Metro-Goldwyn-Mayer"
608,Star Trek III: The Search for Spock,.
609,Barbershop 2: Back in Business,"Cube Vision, Metro-Goldwyn-Mayer"
610,The Family Stone,.
611,Predator,"Silver Pictures, Davis Entertainment"
612,Amadeus,"Peter S梨쟳, The Saul Zaentz Company"
613,Under the Tuscan Sun,Touchstone Pictures
614,Peggy Sue Got Married,"American Zoetrope, Rastar"
615,Gosford Park,"USA Films, Capitol Films, The Film Council"
616,Honey,.
617,Spy Hard,Hollywood Pictures
618,Conan the Destroyer,.
619,Catch-22,"Filmways, Paramount Pictures"
620,Raging Bull,.
621,Small Time Crooks,.
622,Catch That Kid,Fox 2000 Pictures
623,Life as a House,.
624,Blow Out,.
625,The Tailor of Panama,.
626,The Legend of the Lone Ranger,ITC Entertainment
627,The Ice Storm,"Fox Searchlight Pictures, Good Machine"
628,Being Julia,.
629,Troop Beverly Hills,Weintraub Entertainment Group
630,Dragonslayer,"Paramount Pictures, Walt Disney Productions"
631,Megaforce,Golden Harvest
632,Hamlet,"Castle Rock Entertainment, Columbia Pictures"
633,Unforgettable,.
634,8 Million Ways to Die,Producers Sales Organization
635,The Salton Sea,Castle Rock Entertainment
636,One Man's Hero,.
637,I Come with the Rain,Central Films
638,Day of the Dead,"Milpa Alta, Mexico City"
639,Red Sonja,Dino De Laurentiis Corporation
640,Hoodwinked,"The Weinstein Company, Kanbar Entertainment, Kanbar Animation"
641,Taxi 4,.
642,Aliens,"Dan O'Bannon, Ronald Shusett, 20th Century Fox, Brandywine Productions"
643,I Know What You Did Last Summer,Mandalay Entertainment
644,Sideways,.
645,The Hills Have Eyes,.
646,Good Boy,.
647,A Night at the Roxbury,SNL Studios
648,TRON,Walt Disney Productions
649,Summer Catch,Tollin/Robbins
650,A Simple Plan,"Mutual Film Company, Savoy Pictures, BBC, Tele-M체nchen, UGC-PH, Toho-Towa, Marubeni, Newmarket Capital Group"
651,Larry the Cable Guy: Health Inspector,.
652,Superman IV: The Quest for Peace,"Cannon Group, Inc."
653,The Adventures of Elmo in Grouchland,"Columbia Pictures, Jim Henson Pictures, Children's Television Workshop"
654,55 Days at Peking,.
655,American Dreamz,.
656,Running Scared,.
657,Bobby Jones: Stroke of Genius,.
658,Shanghai Surprise,"Metro-Goldwyn-Mayer, HandMade Films"
659,Veronica Guerin,"Touchstone Pictures, Jerry Bruckheimer Films"
660,Damnation Alley,.
661,My Girl,Imagine Entertainment
662,Wall Street,"American Entertainment, Partners, Amercent Films"
663,Sense and Sensibility,"Columbia Pictures, Mirage Enterprises"
664,The Illusionist,"Bob Yari Productions, Stillking Films, "
665,House of Sand and Fog,.
666,Sydney White,Morgan Creek
667,Dead Poets Society,"Touchstone Pictures, Silver Screen Partners IV"
668,Road Trip,The Montecito Picture Company
669,The Verdict,.
670,Varsity Blues,MTV Productions
671,The Master of Disguise,Revolution Studios
672,The Texas Chainsaw Massacre: The Beginning,Platinum Dunes
673,The Messengers,"Columbia Pictures, Screen Gems, Ghost House Pictures"
674,The Killing Fields,"Goldcrest Films, Enigma Productions"
675,See Spot Run,Village Roadshow Pictures
676,Double Impact,Vision International
677,Baby Boy,Columbia Pictures
678,Joe Dirt,"Columbia Pictures, Happy Madison Productions, Robert Simonds Productions"
679,Boys and Girls,Dimension Films
680,L챕on: The Professional,.
681,White Oleander,.
682,Radio Days,.
683,How to Deal,.
684,Soul Plane,Metro-Goldwyn-Mayer
685,My Stepmother Is an Alien,Weintraub Entertainment Group
686,The Thirteenth Floor,Centropolis Entertainment
687,The Cookout,Flavor Unit Entertainment
688,Meteor,Shaw Brothers
689,Hollywood Ending,The Kennedy/Marshall Company
690,Duets,Hollywood Pictures
691,Detroit Rock City,.
692,Steel,"Steel, Warner Bros. Pictures"
693,Good,.
694,Zulu,.
695,Juwanna Mann,Morgan Creek Productions
696,Ararat,.
697,Natural Childbirth at the Madison Birth Center,.
698,Home Alone,.
699,Tootsie,Mirage Enterprises
700,"Crouching Tiger, Hidden Dragon","Sony Pictures Classics, Columbia Pictures Film Production Asia, Good Machine International, China Film Co-Production Corp."
701,Twins,.
702,Heaven Can Wait,.
703,Ben-Hur,Metro-Goldwyn-Mayer
704,Private Benjamin,.
705,Coal Miner's Daughter,.
706,Lethal Weapon,Silver Pictures
707,Halloween,Compass International Pictures
708,Why Did I Get Married?,Tyler Perry Studios
709,When a Stranger Calls,"Screen Gems, "
710,Big Fat Liar,Tollin/Robbins Productions
711,The Lizzie McGuire Movie,Walt Disney Pictures
712,The Faculty,"Dimension Films, Los Hooligans Productions"
713,What's Love Got to Do with It,Touchstone Pictures
714,The Skulls,Original Film
715,Hawaii,The Mirisch Corporation
716,Where the Heart Is,.
717,The Princess Bride,Act III Communications
718,Halloween: Resurrection,"Dimension Films, Trancas International Films"
719,Confessions of a Teenage Drama Queen,Walt Disney Pictures
720,The Object of My Affection,20th Century Fox
721,Grosse Pointe Blank,"Hollywood Pictures, Caravan Pictures, Roger Birnbaum Productions"
722,Book of Shadows: Blair Witch 2,Haxan Films
723,The Craft,.
724,Match Point,BBC Films
725,Nowhere to Run,.
726,Urban Legends: Final Cut,"Original Film, Phoenix Pictures"
727,Tuck Everlasting,"Walt Disney Pictures, Scholastic Studios"
728,The Marine,"WWE Films, 20th Century Fox"
729,The Photograph,Will Packer Productions
730,Firestarter,Dino de Laurentiis Company
731,De-Lovely,"Winkler Films, Metro-Goldwyn-Mayer"
732,Highlander: Endgame,Dimension Films
733,Idlewild,"Atlas Entertainment, HBO Films, Mosaic Media Group"
734,Confidence,.
735,Barney's Great Adventure,"Lyons Partnership, Lyrick Studios"
736,New York Stories,"Touchstone Pictures, Silver Screen Partners IV, American Zoetrope"
737,Home Fries,.
738,Here on Earth,.
739,Raise Your Voice,Brookwell McNamara Entertainment
740,The Dark Half,.
741,Brainstorm,Metro-Goldwyn-Mayer
742,Whatever It Takes,", Phoenix Pictures"
743,The Importance of Being Earnest,"Ealing Studios, Film Council, Fragile Films, Newmarket Capital Group"
744,The Love Letter,.
745,Hoot,"Walden Media, The Kennedy/Marshall Company"
746,Mulholland Drive,"Les Films Alain Sarde, Canal+"
747,Whatever Works,"Perdido Productions, Wild Bunch"
748,The In Crowd,"Morgan Creek Productions, "
749,Jakob the Liar,.
750,The Company,.
751,Crazy in Alabama,.
752,The Clan of the Cave Bear,Producers Sales Organization
753,Felicia's Journey,"Alliance Atlantis Communications, Icon Entertainment International, Icon Productions, The Movie Network"
754,Leaving Metropolis,.
755,Things to Do in Denver When You're Dead,Woods Entertainment
756,The Return of James Battle,.
757,Silent Trigger,.
758,The Good Night,.
759,Chiamatemi Francesco - Il Papa della gente,.
760,Bathory,.
761,Broken Horses,Vinod Chopra Films
762,Groundhog Day,.
763,The Towering Inferno,"20th Century Fox, Warner Bros."
764,Stomp the Yard,"Screen Gems, Rainforest Films"
765,First Blood,"Anabasis Investments, N.V."
766,Urban Legend,"Original Film, Phoenix Pictures"
767,Dangerous Liaisons,Lorimar Film Entertainment
768,Superstar,SNL Studios
769,Poetic Justice,.
770,Jonah: A VeggieTales Movie,Big Idea Productions
771,All About the Benjamins,Cube Vision Productions
772,Exorcist II: The Heretic,.
773,Vampire in Brooklyn,.
774,My Boss's Daughter,.
775,Thinner,.
776,Tea with Mussolini,.
777,"New York, New York",.
778,By Any Means Necessary: The Making of 'Jason X',.
779,I Think I Love My Wife,UTV Motion Pictures
780,Bobby,Bold Films
781,Head Over Heels,.
782,Little Children,.
783,Gossip,.
784,A Walk on the Moon,Village Roadshow Pictures
785,Soul Survivors,.
786,Jefferson in Paris,"Touchstone Pictures, Merchant Ivory Productions"
787,El d챠a que me amen,.
788,The Lucky Ones,QED International
789,Clueless,Paramount Pictures
790,Ca$h,.
791,Teenage Mutant Ninja Turtles,.
792,The Ten Commandments,Cecil B DeMille production
793,Quills,.
794,The Border,"Universal Pictures, RKO Pictures"
795,Tod in der Ostsee - Der Untergang der Steuben,.
796,Mar adentro,.
797,"Good Morning, Vietnam","Touchstone Pictures, Silver Screen Partners III"
798,Save the Last Dance,MTV Productions
799,Snow Day,"Nickelodeon Movies, C.O.R.E."
800,The Butterfly Effect,Katalyst
801,The Godfather: Part II,Paramount Pictures
802,RoboCop,Orion Pictures
803,A Nightmare on Elm Street 4: The Dream Master,Heron Communications
804,This Christmas,Rainforest Films
805,"Dude, Where's My Car?",Alcon Entertainment
806,Young Guns,Morgan Creek Productions
807,10 Things I Hate About You,Touchstone Pictures
808,The New Guy,"Revolution Studios, Columbia Pictures"
809,Baby Geniuses,"TriStar Pictures, Triumph Films, Crystal Sky Pictures"
810,Child's Play 2,.
811,Harriet the Spy,"Nickelodeon Movies, Rastar"
812,The Mist,.
813,Being John Malkovich,"Gramercy Pictures, Propaganda Films"
814,Two Can Play That Game,.
815,Crazy/Beautiful,Touchstone Pictures
816,54,.
817,Dirty Work,.
818,Woo,.
819,Serial Mom,.
820,Light It Up,.
821,Bubble Boy,Touchstone Pictures
822,Birthday Girl,"HAL Films, FilmFour"
823,Excessive Force,"3 Arts Entertainment, New Line Cinema"
824,Infamous,.
825,In the Land of Blood and Honey,GK Films
826,The Killer Inside Me,.
827,The Crocodile Hunter: Collision Course,"The Best Picture Show Company, Cheyenne Enterprises, Metro-Goldwyn-Mayer"
828,The Emperor's Club,"Beacon Communications, LivePlanet, Sidney Kimmel Entertainment"
829,True Romance,"Morgan Creek Productions, A Band Apart"
830,Glengarry Glen Ross,National Theatre
831,Cat People,RKO Pictures
832,The Prisoner of Zenda,.
833,Lars and the Real Girl,Metro-Goldwyn-Mayer
834,Solitary Man: Alone in a Crowd,.
835,Dancer in the Dark,"Zentropa Entertainments, Canal+, FilmFour, France 3 Cin챕ma"
836,Oscar and Lucinda,AFFC
837,The Funeral,.
838,The Perfect Game,.
839,La folle histoire de Max et L챕on,.
840,The Exorcist,Bill Gold
841,American Pie,Summit Entertainment
842,The Golden Child,"John Alvin, Paramount Pictures"
843,Star Trek II: The Wrath of Khan,.
844,WarGames,United Artists
845,Witness,Edward S. Feldman Productions
846,Beavis and Butt-Head Do America,"MTV, Geffen Pictures"
847,Patton,20th Century Fox
848,Yentl,"United Artists, Barwood Films"
849,Time Bandits,"HandMade Films, Janus Films"
850,One Hour Photo,"Fox Searchlight Pictures, Killer Films, John Wells Productions"
851,Johnson Family Vacation,.
852,The Muppet Christmas Carol,"Walt Disney Pictures, Jim Henson Productions"
853,Frida,"Ventanarosa, Lionsgate Films"
854,Rounders,Baroona
855,Stir of Echoes,Artisan Entertainment
856,Tales from the Crypt: Demon Knight,.
857,The Upside of Anger,Media 8 Entertainment
858,Aquamarine,.
859,My Baby's Daddy,"Miramax, Brillstein-Grey Entertainment"
860,Max Keeble's Big Move,Walt Disney Pictures
861,The Postman Always Rings Twice,.
862,House of Flying Daggers,.
863,Sorority Boys,Touchstone Pictures
864,Cadillac Records,"TriStar Pictures, Sony Music Entertainment, Parkwood Entertainment"
865,The Alamo,"Reynold Brown, Batjac Productions"
866,Screwed,Brillstein-Grey Entertainment
867,Running with Scissors,"Plan B Entertainment, Ryan Murphy Productions"
868,From Justin to Kelly,19 Entertainment
869,Invaders from Mars,Cannon Pictures
870,Girl 6,"Fox Searchlight Pictures, 40 Acres and a Mule Filmworks"
871,In the Cut,Path梨
872,When Two Lovers Meet,.
873,The Pursuit of D.B. Cooper,Universal Pictures
874,Ravenous,"Heyday Films, Fox 2000 Pictures"
875,Duma,John Wells Productions
876,Brother,.
877,Welcome to Collinwood,"Gaylord Films, H5B5 Media AG, Pandora Cinema, Section Eight,"
878,Trade,Centropolis Entertainment
879,Breakfast of Champions,"Hollywood Pictures, Summit Entertainment"
880,Diamonds,.
881,Pet Sematary,Paramount Pictures
882,Fried Green Tomatoes,.
883,Jackass Number Two,Dickhouse Productions
884,My Cousin Vinny,.
885,Major League,Morgan Creek Productions
886,A Walk to Remember,Di Novi Pictures
887,History of the World: Part I,Brooksfilms
888,Corky Romano,Touchstone Pictures
889,Raising Cain,.
890,Out Cold,"Touchstone Pictures, Spyglass Entertainment"
891,Tomcats,Revolution Studios
892,The Making of 'Frailty',.
893,The Making of 'Army of Darkness',.
894,Slackers,"Alliance Atlantis, Original Film"
895,The Visual Bible: The Gospel of John,.
896,Vera Drake,Thin Man Films
897,Othello,Castle Rock Entertainment
898,The Perez Family,.
899,Copying Beethoven,Metro-Goldwyn-Mayer
900,Kabhi Alvida Naa Kehna,Dharma Productions
901,Straight Into Darkness,.
902,In the Land of Women,Castle Rock Entertainment
903,There Goes My Baby,Nelson Entertainment
904,The Blue Butterfly,.
905,Lovesick,.
906,Housefull,Nadiadwala Grandson Entertainment
907,September Dawn,.
908,Stripes,Columbia Pictures
909,Saw III,Twisted Pictures
910,Bring It On,Beacon Pictures
911,Madea's Family Reunion,Tyler Perry Studios
912,The Mighty Ducks,"Walt Disney Pictures, Kerner, Touchwood Pacific Partners"
913,Bill & Ted's Excellent Adventure,"Interscope Communications, Nelson Entertainment"
914,The Longest Day,.
915,Jeepers Creepers,American Zoetrope
916,St. Elmo's Fire,.
917,Oliver!,Romulus Films
918,Recess: School's Out,"Walt Disney Pictures, Walt Disney Television Animation, Walt Disney Television Animation Digital Production, Sunwoo AnimationSunwoo Digital International"
919,Mad Max Beyond Thunderdome,"Richard Amsel, Kennedy Miller Productions"
920,Pete's Dragon,Walt Disney Productions
921,Friday After Next,Cube Vision
922,The Last Dragon,Motown Productions
923,The Lawnmower Man,Angel Studios
924,The Banger Sisters,.
925,Road House,Silver Pictures
926,A Low Down Dirty Shame,"Hollywood Pictures, Caravan Pictures"
927,Swimfan,.
928,Can't Hardly Wait,Columbia Pictures
929,The Dead Zone,Dino De Laurentiis Company
930,Valentine,Village Roadshow Pictures
931,Invasion U.S.A.,.
932,Rushmore,Touchstone Pictures
933,Tremors,Stampede Entertainment
934,The Perfect Man,Universal Pictures
935,Kung Pow: Enter the Fist,O Entertainment
936,The Long Riders,Huka Productions
937,The Corruptor,.
938,Broken Flowers,.
939,Hey Arnold! The Movie,"Nickelodeon Movies, Snee-Oosh, Inc., Nickelodeon Animation Studio"
940,Love Jones,.
941,Get Over It,Ignite Entertainment
942,Office Space,.
943,Sleepover,Metro-Goldwyn-Mayer
944,Body Double,.
945,Bones,"Pleistocene Ice Age, scanning electronic micrograph"
946,Turistas,2929 Entertainment
947,American History X,"New Line Cinema, Turman"
948,The Straight Story,"Asymmetrical Productions, Canal+, Channel Four Films, Ciby 2000, Le Studio Canal+"
949,Deuces Wild,.
950,Making of a True Story: Rescue Dawn,.
951,On the Line,.
952,Jay and Silent Bob Reboot,"View Askew Productions, Miramax, SMODCO, Hideout Pictures"
953,Crash,.
954,The Limey,.
955,Malone,.
956,Peaceful Warrior,DEJ Productions
957,Bamboozled,40 Acres and a Mule Filmworks
958,Sphinx,Orion Pictures
959,A Better Life,.
960,Spider-Man,"2012, Mike McKone, "
961,Gun Shy,"Hollywood Pictures, Fortis Films"
962,Nicholas Nickleby,.
963,Keeping Up with the Joneses,"Fox 2000 Pictures, Parkes + MacDonald Image Nation"
964,Krrish,.
965,Cecil B. DeMented,Le Studio Canal+
966,Owning Mahowny,Natural Nylon
967,The Ten Commandments,"guidelines, reasonable number, balanced, topical, reliable, same point of view, inline sources, separate bibliography article"
968,"War, Inc.",.
969,King of California,"Nu Image Films, Millennium Films, Emmett/Furla Films"
970,Imaginary Heroes,.
971,High Heels and Low Lifes,Touchstone Pictures
972,World's Greatest Dad,Darko Entertainment
973,Edmond,.
974,Blood Done Sign My Name,Real Folk Productions
975,Motherhood,.
976,Eulogy,.
977,The Open Road,"Odd Lot Entertainment, Maximon Pictures"
978,The Janky Promoters,.
979,Blonde Ambition,Millennium Films
980,Barbecue,"Canal+, TF1"
981,T-34,"Mus챕e des Blind챕s, , "
982,The Reef,Atlas Entertainment
983,You Got Served: Beat the World,.
984,Ethel & Ernest,"Lupus Films, BFI"
985,The Devil's Tomb,The Bubble Factory
986,Good Intentions,.
987,Partition,.
988,Gunless,.
989,Next Friday,Cube Vision
990,Poltergeist III,.
991,The Runaways,.
992,Gentlemen Broncos,HH Films
993,Re-Kill,After Dark Films
994,It's a Mad Mad Mad Mad World,Casey Productions
995,Volver,.
996,Heavy Metal,.
997,Kites,Filmkraft Productions Pvt. Ltd
998,Red Dog,"Screen Australia, ScreenWest"
999,Zarafa,Path梨? France 3 Cin梨븁a
1000,The Texas Chainsaw Massacre,.
1001,Fiddler on the Roof,Playbill
1002,Set It Off,.
1003,The Best Man,40 Acres and a Mule Filmworks
1004,Child's Play,United Artists
1005,Sicko,Dog Eat Dog Films
1006,Down to You,.
1007,Black Christmas,.
1008,The Ice Pirates,"Steven Chorney, Metro-Goldwyn-Mayer"
1009,Henry V,BBC Films
1010,The Savages,"This is that, Ad Hominem Enterprises, Lone Star Film Group"
1011,Chasing Papi,.
1012,The Way of the Gun,Artisan Entertainment
1013,Igby Goes Down,.
1014,PCU,.
1015,Beautiful,.
1016,Gracie,.
1017,Undiscovered,Lakeshore Entertainment
1018,Velvet Goldmine,"Killer Films, Newmarket Capital Group, Channel Four Films, Goldwyn Films"
1019,All or Nothing,"Thin Man Films, StudioCanal"
1020,Opal Dream,.
1021,Barbarella,Dino de Laurentiis Cinematografica
1022,Crocodile Dundee,.
1023,The I Inside,.
1024,Awake,.
1025,The Lost Boys,Warner Bros.
1026,The Rose,.
1027,Club Dread,Broken Lizard Industries
1028,Glitter,"20th Century Fox, Columbia Pictures, Laurence Mark Productions"
1029,Repo! The Genetic Opera,Twisted Pictures
1030,Posledniy bogatyr,.
1031,My Name Is Khan,"Fox Searchlight Pictures, Dharma Productions, Red Chillies Entertainment, Image Nation Abu Dhabi"
1032,Namastey London,.
1033,Yeh Jawaani Hai Deewani,Dharma Productions
1034,Limbo,.
1035,Quo Vadis,Metro-Goldwyn-Mayer
1036,The Sound of Music,"Argyle Enterprises, Inc."
1037,Footloose,"Phoenix Pictures, Silver Screen Partners"
1038,"Neuilly sa m챔re, sa m챔re!",.
1039,Escape from Alcatraz,"Bill Gold, The Malpaso Company"
1040,You Got Served,.
1041,Brown Sugar,.
1042,Much Ado About Nothing,BBC Films
1043,The Player,.
1044,Creepshow,.
1045,Akeelah and the Bee,"Lionsgate Films, 2929 Entertainment, Starbucks Entertainment"
1046,Wes Craven's New Nightmare,.
1047,Drive Me Crazy,.
1048,Half Baked,.
1049,American Psycho,.
1050,See No Evil,WWE Films
1051,The Good Girl,Myriad Pictures
1052,Bon Cop Bad Cop,.
1053,The Inkwell,Touchstone Pictures
1054,Shadow of the Vampire,"BBC Films, Madman Films, Saturn Films"
1055,Under Fire,.
1056,The Pallbearer,.
1057,Woman on Top,.
1058,Cach챕,"France 3 Cin챕ma, Canal+, Bavaria Film"
1059,Clay Pigeons,"PolyGram Filmed Entertainment, Scott Free Productions"
1060,Prefontaine,Hollywood Pictures
1061,The Wicked Lady,Gainsborough Pictures
1062,Brooklyn Rules,Southpaw Entertainment
1063,Mi fido di te,.
1064,The Land Girls,"Intermedia Films, Channel Four Films, Greenpoint Films, Cam梨븈a One, West Eleven Films, Arena Films, Canal+, Sofineurope"
1065,Pathology,"Metro-Goldwyn-Mayer, Lakeshore Entertainment"
1066,10th & Wolf,.
1067,Dear Wendy,"Nimbus Film, Zentropa, TV2 Danmark"
1068,Akira: Restoration - English Voice Over,.
1069,Swelter,.
1070,Soul Food,.
1071,Hostel: Part II,"Next Entertainment, Raw Nerve"
1072,Narc,"Cruise/Wagner Productions, Emmett/Furla Films"
1073,Shopgirl,"Touchstone Pictures, Hyde Park Entertainment"
1074,The Hotel New Hampshire,Woodfall Film Productions
1075,Men with Brooms,.
1076,The Work and the Glory,.
1077,Masked and Anonymous,"BBC Films, Intermedia Films"
1078,Borg vs. McEnroe,"SF Studios, Yellow Film & TV"
1079,Obtaining Cover: Inside Code 46,.
1080,The Hole,Canal +
1081,Ta Ra Rum Pum,.
1082,The Omega Code,"Gener8Xion Entertainment, TBN Films"
1083,The Godfather,Paramount Pictures
1084,The Piano,"Jan Chapman Productions, CiBy 2000"
1085,My Dog Skip,"Alcon Entertainment, Warner Bros. Family Entertainment"
1086,Capote,"United Artists, Eagle Vision"
1087,The Great Gatsby,.
1088,Desperado,"Columbia Pictures, Los Hooligans Productions"
1089,Kingdom Come,.
1090,Action Jackson,Silver Pictures
1091,Breathless,.
1092,Michael Jordan to the Max,.
1093,The Devil's Rejects,.
1094,Flirting with Disaster,.
1095,Buffy the Vampire Slayer,.
1096,In Too Deep,"Dimension Films, "
1097,House of 1000 Corpses,.
1098,Silver Bullet,.
1099,House of the Dead,"Boll KG Entertainment, Brightlight Pictures"
1100,A Single Man,"Depth of Field, Fade to Black"
1101,The Last Temptation of Christ,Cineplex Odeon Films
1102,Outside Providence,Conundrum Entertainment
1103,Rabbit-Proof Fence,Showtime Australia
1104,Who's Your Caddy?,"Dimension Films, Our Stories Films, Cheyenne Enterprises"
1105,Split Second,.
1106,Nikita: The Elements of War,.
1107,The Other Side of Heaven,.
1108,Dark Angel,.
1109,American Anthem,Lorimar Motion Pictures
1110,Veer-Zaara,Yash Raj Films
1111,A Dog of Flanders,.
1112,Auto Focus,"Propaganda Films, Good Machine"
1113,Factory Girl: The Making of Factory Girl,.
1114,I Hope They Serve Beer in Hell,.
1115,March or Die,"Tom Jung, ITC Entertainment"
1116,The Extra Man,Wild Bunch
1117,Chairman of the Board,.
1118,Calling Gerry Molloy,.
1119,Z Storm,"Sil-Metropole Organisation, LeVision Pictures"
1120,High School Musical 2,.
1121,Stargate: The Ark of Truth,Metro-Goldwyn-Mayer
1122,Pale Rider,The Malpaso Company
1123,Shade,"DEJ Productions, RKO Pictures"
1124,La Bamba,.
1125,The Four Seasons,"Universal Pictures, "
1126,Dressed to Kill,.
1127,The Adventures of Huck Finn,Walt Disney Pictures
1128,Dead a Go! Go!,.
1129,Friends with Money,This is that
1130,The Andromeda Strain,.
1131,Bats,"Columbia Pictures, Destination Films"
1132,The Messenger,.
1133,A Home at the End of the World,.
1134,Good Bye Lenin!,.
1135,Trener,.
1136,Mallrats,"View Askew Productions, Gramercy Pictures (I)"
1137,Grease,"Paramount Pictures, Allan Carr Productions, Robert Stigwood Organization, Polydor Records"
1138,An Officer and a Gentleman,Lorimar Productions
1139,Butch Cassidy and the Sundance Kid,"Campanile Productions, Newman-Foreman"
1140,Mary Poppins,Walt Disney Productions
1141,Ordinary People,"Wildwood Enterprises, Inc"
1142,West Side Story,.
1143,Around the World in 80 Days,.
1144,Caddyshack,Orion Pictures
1145,The Brothers,.
1146,The Wrestler,.
1147,Escape from New York,"AVCO Embassy Pictures, Goldcrest Films International"
1148,The Wood,MTV Productions
1149,The Usual Suspects,"PolyGram Filmed Entertainment, Bad Hat Harry Productions"
1150,Chinatown,"Binondo, Manila, category"
1151,Duel in the Sun,Vanguard Films
1152,A Mighty Wind,Castle Rock Entertainment
1153,Mystic Pizza,.
1154,War and Peace,.
1155,Tales from the Hood,40 Acres and a Mule Filmworks
1156,Halloween 5: The Revenge of Michael Myers,"Magnum Pictures, Trancas International"
1157,Pollock,.
1158,Venus,sulfuric acid
1159,Hedwig and the Angry Inch,Killer Films
1160,Shattered Glass,Cruise/Wagner Productions
1161,The Wackness,Sony Pictures Classics
1162,Polytechnique,Palaiseau
1163,The Business of Strangers,.
1164,Beastmaster 2: Through the Portal of Time,Republic Pictures
1165,The Wild Bunch,Warner Bros.-Seven Arts
1166,Morvern Callar,Company Pictures
1167,The Flower of Evil,.
1168,Come Early Morning,Bold Films
1169,Alexandria: The Greatest City,.
1170,Julia,.
1171,"Surfer, Dude",Playtone
1172,Men of War,.
1173,Freaky Deaky,Final Cut Productions
1174,The Hit List,.
1175,Videodrome,Canadian Film Development Corporation
1176,Emma,.
1177,Planet of the Apes,APJAC Productions
1178,Comedy-Finance in Front of the Train,.
1179,Foolproof,.
1180,Stiff Upper Lips,"Impact Pictures, Yorkshire Television, Isle of Man Film"
1181,Crossover,.
1182,Sunshine State,.
1183,Standing Ovation,.
1184,Khiladi 786,"HR Musik Limited, Hari Om Entertainment Co."
1185,[Rec] 2: En un mundo de infectados,.
1186,The Sting,.
1187,Diary of a Mad Black Woman,"Lionsgate, BET Pictures"
1188,Shine,"South Australian Film Corporation, Film Victoria, Australian Film Finance Corporation, BBC Films"
1189,High Plains Drifter,The Malpaso Company
1190,Mambo Italiano,Cin梨븁aginaire
1191,Galaxina,.
1192,Les Choristes: Le making of,.
1193,Wonderland,Emmett/Furla Films
1194,Berlin Syndrome,"Screen Australia, Film Victoria, Entertainment One"
1195,Animals,.
1196,Rang De Basanti,.
1197,The Ten,.
1198,Wilson,20th Century Fox
1199,Somewhere in Time,Rastar
1200,Saw II,Twisted Pictures
1201,Jackass: The Movie,Dickhouse Productions
1202,A Nightmare on Elm Street 3: Dream Warriors,Heron Communications
1203,The Return of the Pink Panther,ITC Entertainment
1204,The Robe,.
1205,Monster,.
1206,"20,000 Leagues Under the Sea",.
1207,The Elephant Man,Brooksfilms
1208,Clerks II,"View Askew Productions, The Weinstein Company"
1209,The Players Club,Cube Vision Productions
1210,The Apostle,Butcher's Run Films
1211,The Man from Snowy River,.
1212,House Party 2,.
1213,Doug's 1st Movie,"Walt Disney Pictures, Jumbo Pictures, Walt Disney Television Animation, Plus One Animation"
1214,Mommie Dearest,.
1215,Halloween 4: The Return of Michael Myers,Trancas International
1216,Gretel & Hansel,"Orion Pictures, Bron Creative"
1217,Halloween: The Curse of Michael Myers,"Miramax Films, Trancas International"
1218,The Egyptian,.
1219,Nighthawks,.
1220,Friday the 13th Part VIII: Jason Takes Manhattan,Paramount Pictures
1221,Lone Star,Castle Rock Entertainment
1222,Diner,Metro-Goldwyn-Mayer
1223,Lone Wolf McQuade,El Paso
1224,Sunshine Cleaning: A Fresh Look at a Dirty Business,.
1225,A Farewell to Arms,Selznick International Pictures
1226,Solomon and Sheba,.
1227,The Beastmaster,.
1228,Not Easily Broken,.
1229,Digimon: The Movie,"Fox Kids, Saban Entertainment"
1230,Robin and Marian,Rastar
1231,Force 10 from Navarone,Navarone Productions Ltd
1232,The Forsaken,.
1233,UHF,.
1234,Slums of Beverly Hills,"Wildwood Enterprises, Inc"
1235,Made,.
1236,Keeping Up with the Steins,.
1237,The Sweet Hereafter,.
1238,Bottle Shock,.
1239,Jekyll and Hyde... Together Again,.
1240,Heavenly Creatures,"WingNut Films, New Zealand Film Commission"
1241,Zero Effect,Castle Rock Entertainment
1242,A Midnight Clear,Beacon Communications
1243,The Machinist,Canal+
1244,Light Sleeper,LIVE Entertainment
1245,American Teen,.
1246,Atlas Shrugged: Who Is John Galt?,.
1247,Party Monster,"Killer Films, Fortissimo Film Sales, World of Wonder"
1248,Bottle Rocket,"Columbia Pictures, Gracie Films"
1249,"Gandhi, My Father",.
1250,No Looking Back,"PolyGram Filmed Entertainment, Good Machine"
1251,Decoys,.
1252,Stuck,.
1253,Redacted,.
1254,Play Fascination,.
1255,Grace,.
1256,Flying By,.
1257,Dead Like Me: Life After Death,.
1258,Psych:9,.
1259,Capricorn One,ITC Entertainment
1260,Aztec Warrior,Lions Gate Entertainment
1261,The Hatching,.
1262,Running Forever,.
1263,Sling Blade,TSG Pictures
1264,The Texas Chainsaw Massacre 2,"The Cannon Group, Inc."
1265,Lady in White,.
1266,Driving Lessons,UK Film Council
1267,Camping sauvage,.
1268,Out of the Blue: A Film About Life and Football,.
1269,Police Academy,The Ladd Company
1270,Secrets & Lies,"Thin Man Films, Ciby 2000, Channel Four Films"
1271,25th Hour,"Touchstone Pictures, 40 Acres and a Mule Filmworks"
1272,After Hours,The Geffen Company
1273,Moby Dick,.
1274,Bound,.
1275,Requiem for a Dream,"Thousand Words, Protozoa Pictures"
1276,State Fair,.
1277,Tango,.
1278,Salvador,.
1279,Donnie Darko,Flower Films
1280,After-Life,.
1281,Televising a Revolution of Spoken Word from Detroit,.
1282,Hansel & Gretel Get Baked,.
1283,Fugly!,.
1284,The Final Girls,.
1285,Daisy Winters,.
1286,One Flew Over the Cuckoo's Nest,Fantasy Films
1287,Silent Movie,Crossbow Productions
1288,The Making of 'Whale Rider',.
1289,Paa,"MAD Entertainment Ltd, Amitabh Bachchan Corporation, Reliance Big Pictures"
1290,Night of the Living Dead,21st Century Film Corporation
1291,High School Musical,.
1292,Peter Pan,F. D. Bedford
1293,The Crying Game,"Palace Pictures, Channel Four Films"
1294,Annie Hall,.
1295,The Greatest Show on Earth,.
1296,Monster's Ball,.
1297,Exodus,"Carlyle-Alpina, S.A."
1298,Monty Python's Life of Brian,"HandMade Films, Python (Monty) Pictures, Orion Pictures"
1299,The Front Page,Universal Pictures
1300,Trapeze,Hecht-Hill-Lancaster
1301,The Return of the Living Dead,Hemdale Film Corporation
1302,They Live,.
1303,The Wash,Lionsgate
1304,3 Strikes,Metro-Goldwyn-Mayer
1305,The Misfits,Seven Arts Productions
1306,The Night Listener,"IFC Films, Fortissimo Films"
1307,The Jerky Boys,"Touchstone Pictures, Caravan Pictures"
1308,El orfanato llega a Hollywood,.
1309,The Bug,.
1310,The Rules of Attraction,.
1311,Topaz,Universal Pictur
1312,Let's Go to Prison,"Carsey-Werner, Strike Entertainment"
1313,Four Rooms,A Band Apart
1314,Secretary,.
1315,The Real Cancun,Bunim/Murray Productions
1316,Talk Radio,Cineplex Odeon Films
1317,Love Stinks,.
1318,You Kill Me,.
1319,Thumbsucker,"Bob Yari Productions, This Is That Cinema Go-Go"
1320,The Loss of Sexual Innocence,.
1321,Women in Prison,.
1322,Psycho Beach Party,.
1323,The Last Time I Committed Suicide,.
1324,Nothing,.
1325,1776,.
1326,Hell's Angels,The Caddo Company
1327,The Helpers,.
1328,How to Fall in Love,.
1329,Ben-Hur: A Tale of the Christ,Metro-Goldwyn-Mayer
1330,Major Dundee,Jerry Bresler Productions
1331,Annie Get Your Gun,Metro-Goldwyn-Mayer
1332,The Ballad of Cable Hogue,Warner Bros.
1333,The Pirate,Metro-Goldwyn-Mayer
1334,Unknown,.
1335,Midnight Cowboy,.
1336,Airplane!,"Robert Grossman, Paramount Pictures, Howard W. Koch Productions"
1337,Friday,New Line Productions
1338,Empire,.
1339,Creepshow 2,"Laurel Entertainment Inc., New World Pictures"
1340,In Cold Blood,.
1341,The Nun's Story,.
1342,Frenzy,.
1343,Harper,.
1344,I Got the Hook Up,Dimension Films
1345,She's the One,Good Machine
1346,Gods and Monsters,"Showtime, Regent Entertainment, BBC Films"
1347,Evil Dead II,Renaissance Pictures
1348,Day of the Dead,"Dead Films Inc., Laurel Entertainment Inc., Laurel-Day Inc."
1349,Pootie Tang,"3 Arts Entertainment, HBO Downtown Productions"
1350,Infiltrating D.E.B.S.,.
1351,The Kick Out,.
1352,The Secret,.
1353,"Batman: The Dark Knight Returns, Part 2",.
1354,Wicked Blood,.
1355,High Anxiety,.
1356,Choke,Dune Entertainment
1357,L'incomparable mademoiselle C.,.
1358,August,.
1359,Babysitting,.
1360,Carousel,.
1361,Bella,Metanoia Films
1362,The Dead Girl,Lakeshore Entertainment
1363,Class of 1984,.
1364,Dreaming of Joseph Lees,.
1365,Rosemary's Baby,.
1366,The Man Who Shot Liberty Valance,Paramount Pictures
1367,Maria Full of Grace,HBO Films
1368,Adam,Olympus Pictures
1369,A Tudor Feast at Christmas,.
1370,It's a Wonderful Life,Liberty Films
1371,National Lampoon's Animal House,.
1372,The Original Kings of Comedy,"MTV Productions, 40 Acres and a Mule Filmworks"
1373,The Bridge on the River Kwai,Horizon Pictures
1374,Air Bud,"Buddy Films, Inc."
1375,Bowling for Columbine,"United Artists, Alliance Atlantis, Salter Street Films, Dog Eat Dog Films"
1376,Love and Death,.
1377,Friday the 13th Part VI: Jason Lives,.
1378,Martin Lawrence Live: Runteldat,"MTV Films, Runteldat Entertainment"
1379,The Apartment,The Mirisch Company
1380,The Farewell,.
1381,Cat on a Hot Tin Roof,New Directions
1382,Beneath the Planet of the Apes,APJAC Productions
1383,Pok챕mon 3: The Movie,"OLM, Inc."
1384,Jason Goes to Hell: The Final Friday,Sean S. Cunningham Films
1385,Spaced Invaders,Touchstone Pictures
1386,Family Plot,.
1387,Torn Curtain,Universal Pictures
1388,Krush Groove,.
1389,Elmer Gantry,.
1390,Judgment at Nuremberg,.
1391,Belly,.
1392,Trippin',Beacon Pictures
1393,Red River,.
1394,The Deep End,.
1395,Teen Wolf Too,.
1396,Phantasm II,.
1397,Phat Girlz,.
1398,Woman Thou Art Loosed,.
1399,Real Women Have Curves,"HBO Films, Newmarket Films"
1400,Gallipoli,.
1401,Water,.
1402,Whipped,.
1403,Ancient Secrets of the Kama Sutra,.
1404,Please Give,.
1405,Willy Wonka & the Chocolate Factory,The Quaker Oats Company
1406,Warlock: The Armageddon,.
1407,8 Heads in a Duffel Bag,Rank Film Distributors
1408,Days of Heaven,.
1409,Jawbreaker,TriStar Pictures
1410,Basquiat,.
1411,Happiness,Killer Films
1412,Oldboy,.
1413,Freeway,.
1414,Love's Abiding Joy,.
1415,DAAS: Dead & Alive,.
1416,Holly Hobbie and Friends: Best Friends Forever,.
1417,The Eclipse,.
1418,The Lost Treasure of the Grand Canyon,.
1419,My Big Fat Independent Movie,.
1420,A l'int챕rieur,.
1421,Open Road,.
1422,Alice in Wonderland,Walt Disney Productions
1423,Chicago Overcoat,.
1424,Never Back Down 2: The Beatdown,Mandalay Pictures
1425,30 Nights of Paranormal Activity with the Devil Inside the Girl with the Dragon Tattoo,.
1426,Point Blank,.
1427,Johny la Iguana,.
1428,Four Single Fathers,.
1429,Unnatural,.
1430,The Harvey Girls,Metro-Goldwyn-Mayer
1431,Cinderella,Walt Disney Productio
1432,Pocketful of Miracles,.
1433,Some Like It Hot,"Macario G泥쁬ez Quibus, Mirisch Company"
1434,The Omen,Mace Neufeld Productions
1435,Hustle & Flow,"Paramount Classics, MTV Films"
1436,Friday the 13th Part VII: The New Blood,Paramount Pictures
1437,The Wizard of Oz,Metro-Goldwyn-Mayer
1438,The Black Stallion,American Zoetrope
1439,Ulee's Gold,Motion Picture Corporation of America
1440,Sardaar Ji,White Hill Studios
1441,Donovan's Reef,.
1442,A Guy Named Joe,Metro-Goldwyn-Mayer
1443,Blazing Saddles,"John Alvin, Warner Bros."
1444,Riding Giants,StudioCanal
1445,C처mo se hizo: Los cronocr챠menes,.
1446,Timber Falls,.
1447,Singin' in the Rain,Metro-Goldwyn-Mayer
1448,Halloween II,Dino De Laurentiis Corporation
1449,Religulous,Thousand Words
1450,Hud,.
1451,My Own Private Idaho,.
1452,Sur le seuil,.
1453,My Life Without Me,.
1454,Fuel,.
1455,8: The Mormon Proposition,.
1456,Apokalypse 99 - Anatomie eines Amokl채ufers,.
1457,The Calling,.
1458,Christmas Mail,.
1459,Get on the Bus,"Columbia Pictures, 40 Acres and a Mule Filmworks"
1460,Idiocracy,.
1461,Nikt챕,Animex Producciones
1462,Bathing Beauty,.
1463,Show Boat,.
1464,"Dancer, Texas Pop. 81",.
1465,The Toxic Avenger Part II,.
1466,Eden,.
1467,The Brave Little Toaster,The_Brave_Little_Toaster
1468,Pinocchio,"Enrico Mazzanti, Walt Disney"
1469,The French Connection,.
1470,The Last Sin Eater,Believe Pictures
1471,"The Rebel, Louise Michel",.
1472,Impact Point,.
1473,The Valley of Decision,.
1474,Chicken Tikka Masala,.
1475,The Best Years of Our Lives,Samuel Goldwyn Productions
1476,Bully,"Blacklist Films, Gravity Entertainment, Muse Productions, FilmFour Distributors, StudioCanal"
1477,REC,Filmax International
1478,Infected,.
1479,The Timber,.
1480,Notorious,RKO Radio Pictures
1481,In the Heat of the Night,The Mirisch Corporation
1482,Sleeper,.
1483,Everything You Always Wanted to Know About Sex * But Were Afraid to Ask,Brodsky/Gould Productions
1484,To Kill a Mockingbird,.
1485,Lolita,.
1486,Gentleman's Agreement,.
1487,The Hustler,.
1488,Witchboard,.
1489,Smoke Signals,.
1490,American Splendor,"Good Machine, Dark Horse Entertainment"
1491,Thirteen,Working Title Films
1492,Touching the Void: Return to Siula Grande,.
1493,Alexander's Ragtime Band,.
1494,Full Frontal,.
1495,Waltz with Bashir,.
1496,Shortbus,"Fortissimo Films, Q Television"
1497,"The Book of Mormon Movie, Volume 1: The Journey",.
1498,Hamlet,Miramax Films
1499,No End in Sight,.
1500,Get Real,Arts Council of England
1501,Inside Deep Throat,"Imagine Entertainment, HBO Documentary Films, World of Wonder"
1502,Subway,"Gaumont, TF1 Films Production"
1503,Building the 'House of D',.
1504,Teeth,.
1505,Sherrybaby,"Big Beach, Red Envelope Entertainment"
1506,Six-String Samurai,.
1507,Roadside Romeo,"Walt Disney Pictures India, Yash Raj Films, Disney World Cinema"
1508,This Thing of Ours,.
1509,Super Capers: The Origins of Ed and the Missing Bullion,.
1510,The Missing Person,.
1511,London,Destination Films
1512,Circle,.
1513,The Ghastly Love of Johnny X,.
1514,Grave Encounters,.
1515,Freeze Frame,Green Park Films
1516,Bananas,"Plantae, Angiosperms, Monocots, Commelinids, Zingiberales, Musaceae, Musa, Link to USDA Database entry"
1517,Nine Dead,.
1518,No Man's Land: The Rise of Reeker,.
1519,Rockaway,.
1520,Wings,.
1521,The Lady from Shanghai,.
1522,Straight A's,.
1523,Highway,.
1524,Lucky Dog,Universal Pictures
1525,Pendulum,Pendulum
1526,A Funny Thing Happened on the Way to the Forum,.
1527,True Bromance,.
1528,Wind Walkers,.
1529,Shark Lake,.
1530,The Marine 4: Moving Target,WWE Studios
1531,Taxi Driver,.
1532,Northfork,.
1533,Round the Square,.
1534,Vaalu,Vaa
1535,Carrie,.
1536,Dr. Strangelove or: How I Learned to Stop Worrying and Love the Bomb,Hawk Films
1537,A Streetcar Named Desire,New Directions
1538,Hang 'Em High,The Malpaso Company
1539,Deadline,"Enso Entertainment, KRU Studios, Films In Motion"
1540,Sublime,Raw Feed
1541,Independence Daysaster,.
1542,Bukas may umaga,.
1543,In the Bedroom,"Good Machine, Eastern Standard Film Company, GreeneStreet Films"
1544,Conquest of the Planet of the Apes,.
1545,"Happy, Texas",.
1546,Songs from Tsongas: Yes 35th Anniversary Concert,.
1547,You Can't Take It with You,Columbia Pictures
1548,Foolish,.
1549,She Wore a Yellow Ribbon,.
1550,Dil Jo Bhi Kahey...,.
1551,Mississippi Mermaid,.
1552,The King's Thief,.
1553,Cabin Fever,.
1554,Waitress,.
1555,Kickboxer,Kings Road Entertainment
1556,Bloodsport,The Cannon Group
1557,Mr. Smith Goes to Washington,Columbia Pictures
1558,Kids,Killer Films
1559,The Squid and the Whale,"Samuel Goldwyn Films, Sony Pictures Releasing International, Destination Films, American Empirical Pictures"
1560,Spellbound,"Selznick International Pictures, Vanguard Films"
1561,Exotica,.
1562,Buffalo '66,Cin챕pix Film Properties
1563,Repo Man,.
1564,Session 9,"USA Films, Scout Productions, October Films"
1565,The Making of 'Hatchet',.
1566,Modern Times,.
1567,Stolen Summer,.
1568,Forty Shades of Blue,.
1569,Wal-Mart: The High Cost of Low Price,.
1570,Closer to the Moon,Mandragora Movies
1571,Checkmate,.
1572,My Girlfriend's Boyfriend,.
1573,House at the End of the Drive,.
1574,San Francisco,Metro-Goldwyn-Mayer
1575,Bag om filmen 'Festen',.
1576,The Girlfriend Experience,.
1577,Def-Con 4,Salter Street Films
1578,Neal 'N' Nikki,.
1579,The Hebrew Hammer,.
1580,Simon Says,"Blue Cactus Pictures, Dark Moon Pictures, Simon Says Productions"
1581,Forget Me Not,.
1582,Rebecca,Selznick International Pictures
1583,The Lost Weekend,.
1584,C.H.U.D.,.
1585,Niagara,.
1586,Lake Bodom,.
1587,How Green Was My Valley,.
1588,Saw,.
1589,"Sex, Lies, and Videotape",.
1590,You Can Count on Me,.
1591,Strangers on a Train,Transatlantic Pictures
1592,The Trouble with Harry,.
1593,The Day the Earth Stood Still,20th Century Fox
1594,Reservoir Dogs,Live America Inc.
1595,The Wrong Man,Warner Bros.
1596,Q,.
1597,Extreme Movie,.
1598,The Charge of the Light Brigade,.
1599,Life Below Zero,.
1600,Crowsnest,.
1601,Airborne,.
1602,Cotton Comes to Harlem,Formosa Productions
1603,Bleeding Hearts,.
1604,The Wicked Within,.
1605,Waiting...,LIFT Productions
1606,Wolf Creek,"South Australian Film Corporation, Mushroom Pictures"
1607,Down by Law,.
1608,Sex with Strangers,.
1609,Silent Running,Universal Pictures
1610,The Dead Undead,.
1611,The Vatican Exorcisms,.
1612,Rocket Singh: Salesman of the Year,.
1613,Rocky,.
1614,Tom Jones,Woodfall Film Productions
1615,The Howling,.
1616,Cry Wolf,.
1617,Beyond the Valley of the Dolls,20th Century Fox
1618,Love Me Tender,.
1619,Sands of Iwo Jima,Republic Pictures
1620,Shine a Light,Shangri-La Entertainment
1621,An Inconvenient Sequel: Truth to Power,Participant Media
1622,Next Stop Wonderland,.
1623,Junebug,.
1624,Frozen River,Harwood Hunt Productions
1625,Sidewalks of New York,.
1626,The Broken Hearts Club: A Romantic Comedy,.
1627,Who Killed the Electric Car?,Electric Entertainment
1628,Walking and Talking,"Channel Four Films, Zenith Productions, Pandora Film, PolyGram Filmed Entertainment, Good Machine"
1629,No Man's Land,Fabrica
1630,Slam,Blowback Productions
1631,Brigham City,Main Street Movie Company
1632,Panic,.
1633,Fiza,.
1634,All the Real Girls,.
1635,Dream with the Fishes,.
1636,Luminarias,.
1637,The Battle of Shaker Heights,LivePlanet
1638,Guiana 1838,.
1639,Love Liza,.
1640,Once in a Lifetime: The Extraordinary Story of the New York Cosmos,.
1641,The House of the Devil,Glass Eye Pix
1642,Chocolate: Deep Dark Secrets,.
1643,Safe Men,.
1644,The Specials,.
1645,Jeff Dunham's Very Special Christmas Special,.
1646,The Helix... Loaded,.
1647,In Her Line of Fire,.
1648,Heli,.
1649,Karachi se Lahore,.
1650,Loving Annabelle,.
1651,Frat Party,.
1652,Jimmy and Judy,.
1653,The Proud Family Movie,.
1654,Snow White: A Deadly Summer,.
1655,Truth or Die,.
1656,Hidden Away,.
1657,Zombie Hunter,.
1658,A Fine Step,.
1659,The Pet Replacer,.
1660,Bang Bang Baby,.
1661,Top of the Pops: The Story of 1982,.
1662,The Horror Network Vol. 1,.
1663,Chemical Cut,.
1664,Alien Psychosis,.
1665,And Then Came Love,.
1666,Creating 'Hard Candy',.
1667,Charly,ABC Pictures
1668,A Costa Trance,.
1669,Off the Grid with Jesse Ventura,.
1670,On the Waterfront,.
1671,The Quiet,.
1672,40 Weeks,.
1673,Harrison Montgomery,.
1674,Time Changer,.
1675,Crying with Laughter,.
1676,Billy Jack,.
1677,Pandora's Box,.
1678,American Graffiti,"Lucasfilm, American Zoetrope"
1679,Iraq for Sale: The War Profiteers,.
1680,Interview with the Assassin,.
1681,Rise of the Undead,.
1682,Destiny,.
1683,Bled,.
1684,High Noon,.
1685,Hoop Dreams,Kartemquin Films
1686,Rize,.
1687,L.I.E.,"Alter Ego Entertainment, Belladonna Productions"
1688,Columbus,.
1689,King Kong,Radio Pictures
1690,House of Wax,.
1691,The Hadza: Last of the First,.
1692,Starsuckers,.
1693,Treachery,.
1694,Top Hat,RKO Radio Pictures
1695,The Blair Witch Project,Haxan Films
1696,Woodstock,.
1697,The Kentucky Fried Movie,KFM Films
1698,Mercy Streets,.
1699,Arnolds Park,.
1700,Drunk Wedding,.
1701,Crop Circles: Quest for Truth,.
1702,Light from the Darkroom,.
1703,Irreplaceable,France 2 Cin梨븁a
1704,Julija in alfa Romeo,.
1705,Mata Hari,Metro-Goldwyn-Mayer
1706,Benji,.
1707,Mad Hot Ballroom,Nickelodeon Movies
1708,The Station Agent,.
1709,Wordplay,.
1710,Beyond the Mat,"Imagine Entertainment, Lions Gate Films"
1711,The Singles Ward,.
1712,Sholem Aleichem: Laughing in the Darkness,.
1713,Targeted: Osama Bin Laden,.
1714,Groove,.
1715,The R.M.,.
1716,Twin Falls Idaho,.
1717,Mean Creek,Whitewater Films
1718,Flower,"Rough House Pictures, Diablo Entertainment"
1719,Never Again,.
1720,The Giant Rubber Monster Movie: Sascratch Versus Afrodesious,.
1721,Finishing the Game: The Search for a New Bruce Lee,.
1722,The Journey,.
1723,The Californians,.
1724,Higher Power,.
1725,Drones,"Khaos Digital, Whitewater Films"
1726,Girls Gone Dead,.
1727,Insomnia Manica,.
1728,America Is Still the Place,.
1729,Subconscious,.
1730,Roadside,.
1731,Diamond Ruff,.
1732,Fight to the Finish,.
1733,Bucky and the Squirrels,.
1734,Going Under,Warner Bros.
1735,Crossroads,.
1736,Rodeo Girl,.
1737,Sunday,.
1738,42nd Street,.
1739,Twenty-Two,.
1740,Napoleon Dynamite,"MTV Films, Napoleon Pictures"
1741,Quincea챰era,.
1742,Heroes,.
1743,Jackpot,.
1744,The Dark Hours,.
1745,Super Junior05 & TVXQ: Show Me Your Love,.
1746,Pancakes,.
1747,Intolerance: Love's Struggle Throughout the Ages,.
1748,The Broadway Melody,.
1749,Royal Kill,.
1750,Rotor DR1,.
1751,12 Angry Men,.
1752,Halloween,"Compass International Pictures, Falcon International Productions"
1753,It Happened One Night,.
1754,Tumbleweeds,.
1755,Tupac: Resurrection,"Amaru Entertainment, MTV Films"
1756,God's Army,Zion Films
1757,Pieces of April,.
1758,When the Cat's Away,.
1759,Wendy and Lucy,Glass Eye Pix
1760,Let's Talk About Sex,.
1761,Old Joy,.
1762,Death Race 2000,.
1763,Teeth and Blood,.
1764,Walking to Paris,.
1765,Anderson's Cross,Illumination Pictures
1766,Death Calls,.
1767,Graduation Day,.
1768,Chasing Amy,"View Askew Productions, Too Askew Prod., Inc."
1769,The Incredibly True Adventure of Two Girls in Love,"New Line Cinema, Smash Pictures"
1770,Chuck & Buck,.
1771,American Desi,.
1772,MTV Revue with Ice Cube,.
1773,November,.
1774,Sugar Town,.
1775,Happy Valley,"Asylum Entertainment, Passion Pictures"
1776,Shotgun Stories,.
1777,Along the Roadside,.
1778,Sunday School Musical,.
1779,Rust,.
1780,The Christmas Bunny,.
1781,Ink,Double Edge Films
1782,The Frozen,.
1783,Butterfly,Sociedad General de Televisi?n (Sogetel)
1784,A House Undivided,.
1785,Horse Camp,.
1786,Give Me Shelter,.
1787,The Love Letter,.
1788,Shooting the Warwicks,.
1789,The Big Parade,Metro-Goldwyn-Mayer
1790,Under the Little Big Top: Behind the Scenes Documentary,.
1791,Burn,"TBVE Films, Apost"
1792,Urbania,.
1793,"The Beast from 20,000 Fathoms",.
1794,The Stewardesses,.
1795,Swingers,.
1796,She Done Him Wrong,Paramount Pictures
1797,Trois,.
1798,Short Cut to Nirvana: Kumbh Mela,.
1799,Call + Response,.
1800,Baghead,Duplass Brothers Productions
1801,Malevolence,.
1802,Side Effects,.
1803,Good Dick,.
1804,Solitude,.
1805,The Man from Earth,.
1806,H.,.
1807,She's Gotta Have It,40 Acres & A Mule Filmworks
1808,Dolphin,.
1809,The Horse Boy,.
1810,The Calling,.
1811,Once,"Summit Entertainment, B처rd Scann찼n na h횋ireann/Irish Film Board, RT횋"
1812,Tadpole,.
1813,Dodge Law: Speak No Evil,.
1814,Roger & Me,Dog Eat Dog Films
1815,Cat People,.
1816,Romantic Schemer,.
1817,A Dog's Breakfast,.
1818,Une Femme Mari챕e,.
1819,Night of the Living Dead,.
1820,The Birth of a Nation,.
1821,The Work and the Story,.
1822,Facing the Giants,"Sherwood Pictures, Provident Films"
1823,Hollywood Shuffle,.
1824,Over the Hill to the Poorhouse,.
1825,The Mighty,"John Alvin, Scholastic, Inc."
1826,Keeping It Real: The Adventures of Greg Walloch,.
1827,Indie Game: The Movie,.
1828,"Dude, Where's My Dog?!",.
1829,Closure,.
1830,The Last House on the Left,.
1831,Queen Crab,.
1832,In absentia,.
1833,Pi,Protozoa Pictures
1834,Super Size Me,.
1835,Hayride,.
1836,The Brain That Wouldn't Die,Sterling Productions
1837,The Brothers McMullen,Good Machine
1838,Gabriela,.
1839,Big Things,.
1840,The Call of Cthulhu,.
1841,The Image Revolution,.
1842,A True Story,.
1843,George Washington,The Criterion Collection
1844,Raymond Did It,.
1845,Foreign Letters,Film Movement
1846,Her Cry: La Llorona Investigation,.
1847,Happy 40th,.
1848,Paraphobia,.
1849,Clerks,View Askew Productions
1850,Emily,.
1851,Deep Throat,.
1852,In the Company of Men,Alliance Atlantis
1853,Ten Thousand Saints,.
1854,Dutch Kills,.
1855,Dry Spell,.
1856,Steel Spirit,.
1857,Flywheel,Sherwood Pictures
1858,Stories of Our Lives,The Nest Collective
1859,Grip: A Criminal's Story,.
1860,Tin Can Man,.
1861,Clean,"BFI, arte France Cin梨븁a, Canal+, T梨뷿梨뷹ilm Canada"
1862,The Cure: Greatest Hits,.
1863,On the Downlow,Iconoclast Films
1864,Bang,.
1865,Primer,StudioCanal
1866,The Mongol King,.
1867,The Seeker: The Dark Is Rising,Walden Media
1868,Transporter 2,"EuropaCorp, TF1 Films Production, Canal+, TPS Star"
1869,Everyone's Hero,IDT Entertainment
1870,Fierce People,.
1871,Wristcutters: A Love Story,.
1872,Ghajini,"Geetha Arts, "
1873,Solitary Man,.
1874,Sex and Death 101,.
1875,Flashbacks of a Fool,"Left Turn Films, Ugly Duckling Films, Visitor Pictures"
1876,City Island,"CineSon Entertainment, Medici Entertainment, NovaStar Digital"
1877,Brad's Status,"Sidney Kimmel Entertainment, Plan B Entertainment"
1878,The Boondock Saints II: All Saints Day,Stage 6 Films
1879,Premam,Anwar Rasheed Entertainments
1880,The Invisible,"Mats Wahl, Hollywood Pictures, Spyglass Entertainment"
1881,Primeval,"Hollywood Pictures, Pariah Films"
1882,The Santa Clause 3: The Escape Clause,Walt Disney Pictures
1883,Redline,.
1884,Intruders,Campbell-Grobman Films
1885,Jai Ho,.
1886,Andhadhun,Viacom 18 Motion Pictures
1887,De Dana Dan,.
1888,Heyy Babyy,"Nadiadwala Grandson Entertainment, T-Series"
1889,Incredible Love,.
1890,Shubh Mangal Savdhan,"Colour Yellow Productions, Y NOT Studios"
1891,Bhoothnath,.
1892,Agent Vinod,.
1893,Omkara,Shemaroo Entertainment
1894,Husband Material,.
1895,M.S. Dhoni: The Untold Story,"Fox Star Studios, Friday FilmWorks"
1896,Baaghi 2,"Nadiadwala Grandson Entertainment, Fox Star Studios"
1897,Ae Dil Hai Mushkil,Dharma Productions
1898,Aqua Teen Hunger Force Colon Movie Film for Theaters,"Adult Swim, Williams Street"
1899,Leaves of Grass,First Look Studios
1900,The Ice Harvest,.
1901,Hollywoodland,"Focus Features, Miramax Films"
1902,Greenberg,.
1903,Jane Eyre,.
1904,Thoroughbreds,"June Pictures, B Story, Big Indie Pictures"
1905,The Namesake,"Mirabai Films, UTV Motion Pictures"
1906,The Ringer,Conundrum Entertainment
1907,Water,.
1908,Sunshine,.
1909,Trust the Man,.
1910,The Little Hours,.
1911,The Secret of Kells,"Les Armateurs, Cartoon Saloon, France 2 Cin梨븁a, Canal+, Cin梨뷖in梨븁a Classic, Bord Scann李펝 na h?땓reann, Broadcasting Commission of Ireland, Belgacom TV"
1912,Management,"Image Entertainment, SKE, Echo Films, Temple Hill Entertainment"
1913,2 Days in Paris,.
1914,Bharat Ane Nenu,DVV Entertainments
1915,In Search of a Midnight Kiss,.
1916,Black '47,"Irish Film Board, BAI"
1917,Bug,.
1918,Delta Farce,Lionsgate
1919,Last Flag Flying,Amazon Studios
1920,Hard Candy,Vulcan Productions
1921,Happily N'Ever After,"Vanguard Animation, Odyssey Entertainment, Nitrogen Studios"
1922,Battle for Haditha,.
1923,Happy Endings,.
1924,In the Mix,Ush Entertainment
1925,Factory Girl,.
1926,Two Lovers,.
1927,The Lost City,.
1928,Marrowbone,"Lions Gate International, Telecinco Cinema"
1929,Serious Moonlight,.
1930,The Hoax,"Miramax Films, Bob Yari Productions, The Mark Gordon Company"
1931,The Lookout,"Miramax Films, Spyglass Entertainment"
1932,Running Scared,.
1933,The Last Mimzy,.
1934,Mr. Woodcock,.
1935,Sunshine Cleaning,Big Beach
1936,JCVD,"Gaumont Film Company, RTBF"
1937,Uri: The Surgical Strike,RSVP Movies
1938,The Ottoman Lieutenant,.
1939,Black Snake Moan,.
1940,Margot at the Wedding,.
1941,Bad News Bears,.
1942,Nobody's Fool,.
1943,Mongol: The Rise of Genghis Khan,.
1944,The Notorious Bettie Page,"HBO Films, Killer Films, John Wells Productions"
1945,Bella,Metanoia Films
1946,The Only Living Boy in New York,Amazon Studios
1947,The Joneses,.
1948,The Good Guy,.
1949,I Can't Think Straight,Enlightenment Productions
1950,Golmaal Again,.
1951,Bhaag Milkha Bhaag,.
1952,Simmba,"Reliance Entertainment, Dharma Productions"
1953,Waist Deep,Intrepid Pictures
1954,Vacancy,.
1955,Priest,.
1956,Get Low,TVN
1957,Breakfast on Pluto,"Path챕 Pictures, Bord Scann찼n na h횋ireann/The Irish Film Board, Northern Ireland Film & Television Commission, Number 9 Films"
1958,Coco Chanel & Igor Stravinsky,.
1959,Three Burials,EuropaCorp
1960,The Last Station.,.
1961,Art School Confidential,"Art School Confidential, United Artists, Mr. Mudd Productions"
1962,Saving Face,Destination Films
1963,The Informers,.
1964,Lords of Dogtown,"Columbia Pictures, TriStar Pictures, Senator International"
1965,Man of the House,"Walt Disney Pictures, Orr & Cruickshank Productions"
1966,I Know Who Killed Me,.
1967,Singh Is King,.
1968,P2,.
1969,Goat,"Great Point Media, Killer Films, Rabbit Bandini Productions"
1970,The Promotion,.
1971,Before the Devil Knows You're Dead,Capitol Films
1972,Loverboy,.
1973,Strangers with Candy,"Comedy Central Films, Worldwide Pants"
1974,Jagga Jasoos,"Walt Disney Pictures India, Picture Shuru Entertainment, Ishana Movies"
1975,Himmatwala,"UTV Motion Pictures, Pooja Entertainment"
1976,Jodhaa Akbar,.
1977,Loving Pablo,.
1978,The Good Shepherd,"Morgan Creek Productions, TriBeCa Productions, American Zoetrope"
1979,Kicking and Screaming,The Criterion Collection
1980,The Producers,.
1981,Prime,Relativity Media
1982,Alpha Dog,Sidney Kimmel Entertainment
1983,Two for the Money,Morgan Creek Productions
1984,Gully Boy,"Excel Entertainment, Tiger Baby Films"
1985,The Astronaut Farmer,.
1986,Project X,.
1987,V for Vendetta,"Silver Pictures, Virtual Studios, Anarchos Productions Inc., DC, Vertigo Comics, Medienboard Berlin-Brandenburg"
1988,Better Watch Out,.
1989,Transamerica,.
1990,I'm Not There,"Endgame Entertainment, Killer Films, John Goldwyn Productions, John Wells Productions"
1991,No Escape,Pacific Western
1992,First Snow,.
1993,Black,SLB Films
1994,Rab Ne Bana Di Jodi,Yash Raj Films
1995,Race 3,"Salman Khan Films, Tips Films"
1996,Jab Harry Met Sejal,Red Chillies Entertainment
1997,Thugs of Hindostan,Yash Raj Films
